player,match_id,start_date,venue,innings,batting_team,opposition,own_15_ball_phase,phase_label,runs,balls,strike_rate,expected_runs,runs_above_expected,runs_above_expected_per_100,sr_points_vs_match,sr_points_vs_teammates,sr_points_vs_league_phase,difficulty_adjusted_sr,difficulty_adjustment_delta
Abhishek Sharma,1527674,2026-03-28,"M Chinnaswamy Stadium, Bengaluru",1,Sunrisers Hyderabad,Royal Challengers Bengaluru,1,1-15,7,8,87.5,10.22,-3.22,-40.19,-90.07,-80.36,-61.48,77.05,-10.45
Aniket Verma,1527674,2026-03-28,"M Chinnaswamy Stadium, Bengaluru",1,Sunrisers Hyderabad,Royal Challengers Bengaluru,1,1-15,37,15,246.67,20.94,16.06,107.07,69.1,97.65,97.22,217.2,-29.47
Aniket Verma,1527674,2026-03-28,"M Chinnaswamy Stadium, Bengaluru",1,Sunrisers Hyderabad,Royal Challengers Bengaluru,2,16-30,6,3,200.0,5.04,0.96,32.0,22.43,50.98,32.01,176.1,-23.9
DA Payne,1527674,2026-03-28,"M Chinnaswamy Stadium, Bengaluru",1,Sunrisers Hyderabad,Royal Challengers Bengaluru,1,1-15,6,5,120.0,6.12,-0.12,-2.39,-57.57,-44.35,-29.72,105.66,-14.34
H Klaasen,1527674,2026-03-28,"M Chinnaswamy Stadium, Bengaluru",1,Sunrisers Hyderabad,Royal Challengers Bengaluru,1,1-15,20,15,133.33,16.78,3.22,21.45,-44.24,-34.01,-16.76,117.4,-15.93
H Klaasen,1527674,2026-03-28,"M Chinnaswamy Stadium, Bengaluru",1,Sunrisers Hyderabad,Royal Challengers Bengaluru,2,16-30,11,7,157.14,9.97,1.03,14.67,-20.43,-10.2,-11.61,138.37,-18.77
HV Patel,1527674,2026-03-28,"M Chinnaswamy Stadium, Bengaluru",1,Sunrisers Hyderabad,Royal Challengers Bengaluru,1,1-15,0,2,0.0,2.38,-2.38,-119.01,-177.57,-165.25,-149.73,0.0,0.0
Harsh Dubey,1527674,2026-03-28,"M Chinnaswamy Stadium, Bengaluru",1,Sunrisers Hyderabad,Royal Challengers Bengaluru,1,1-15,3,3,100.0,3.65,-0.65,-21.63,-77.57,-64.1,-49.68,88.05,-11.95
Ishan Kishan,1527674,2026-03-28,"M Chinnaswamy Stadium, Bengaluru",1,Sunrisers Hyderabad,Royal Challengers Bengaluru,1,1-15,31,15,206.67,17.38,13.62,90.79,29.1,66.42,57.2,181.97,-24.69
Ishan Kishan,1527674,2026-03-28,"M Chinnaswamy Stadium, Bengaluru",1,Sunrisers Hyderabad,Royal Challengers Bengaluru,2,16-30,24,15,160.0,20.05,3.95,26.3,-17.57,19.76,-7.63,140.88,-19.12
Ishan Kishan,1527674,2026-03-28,"M Chinnaswamy Stadium, Bengaluru",1,Sunrisers Hyderabad,Royal Challengers Bengaluru,3,31-45,25,8,312.5,11.9,13.1,163.77,134.93,172.26,148.3,275.16,-37.34
JD Unadkat,1527674,2026-03-28,"M Chinnaswamy Stadium, Bengaluru",1,Sunrisers Hyderabad,Royal Challengers Bengaluru,1,1-15,4,3,133.33,3.76,0.24,7.94,-44.24,-29.91,-16.35,117.4,-15.93
Nithish Kumar Reddy,1527674,2026-03-28,"M Chinnaswamy Stadium, Bengaluru",1,Sunrisers Hyderabad,Royal Challengers Bengaluru,1,1-15,1,6,16.67,6.67,-5.67,-94.53,-160.9,-153.51,-133.45,14.68,-1.99
S Arora,1527674,2026-03-28,"M Chinnaswamy Stadium, Bengaluru",1,Sunrisers Hyderabad,Royal Challengers Bengaluru,1,1-15,9,6,150.0,7.5,1.5,25.02,-27.57,-13.16,0.33,132.08,-17.92
TM Head,1527674,2026-03-28,"M Chinnaswamy Stadium, Bengaluru",1,Sunrisers Hyderabad,Royal Challengers Bengaluru,1,1-15,11,9,122.22,11.31,-0.31,-3.4,-55.35,-43.54,-27.25,107.62,-14.6
D Padikkal,1527674,2026-03-28,"M Chinnaswamy Stadium, Bengaluru",2,Royal Challengers Bengaluru,Sunrisers Hyderabad,1,1-15,39,15,260.0,20.06,18.94,126.3,82.43,77.65,110.76,228.94,-31.06
D Padikkal,1527674,2026-03-28,"M Chinnaswamy Stadium, Bengaluru",2,Royal Challengers Bengaluru,Sunrisers Hyderabad,2,16-30,22,11,200.0,16.64,5.36,48.69,22.43,17.65,33.11,176.1,-23.9
JM Sharma,1527674,2026-03-28,"M Chinnaswamy Stadium, Bengaluru",2,Royal Challengers Bengaluru,Sunrisers Hyderabad,1,1-15,0,1,0.0,1.34,-1.34,-133.62,-177.57,-198.92,-150.05,0.0,0.0
PD Salt,1527674,2026-03-28,"M Chinnaswamy Stadium, Bengaluru",2,Royal Challengers Bengaluru,Sunrisers Hyderabad,1,1-15,8,7,114.29,8.54,-0.54,-7.72,-63.28,-89.16,-35.22,100.63,-13.65
RM Patidar,1527674,2026-03-28,"M Chinnaswamy Stadium, Bengaluru",2,Royal Challengers Bengaluru,Sunrisers Hyderabad,1,1-15,31,12,258.33,16.82,14.18,118.18,80.76,70.53,110.22,227.47,-30.86
TH David,1527674,2026-03-28,"M Chinnaswamy Stadium, Bengaluru",2,Royal Challengers Bengaluru,Sunrisers Hyderabad,1,1-15,16,10,160.0,15.15,0.85,8.55,-17.57,-41.19,10.7,140.88,-19.12
V Kohli,1527674,2026-03-28,"M Chinnaswamy Stadium, Bengaluru",2,Royal Challengers Bengaluru,Sunrisers Hyderabad,1,1-15,28,15,186.67,19.6,8.4,56.01,9.1,-20.48,37.52,164.36,-22.3
V Kohli,1527674,2026-03-28,"M Chinnaswamy Stadium, Bengaluru",2,Royal Challengers Bengaluru,Sunrisers Hyderabad,2,16-30,20,15,133.33,23.84,-3.84,-25.62,-44.24,-73.81,-36.11,117.4,-15.93
V Kohli,1527674,2026-03-28,"M Chinnaswamy Stadium, Bengaluru",2,Royal Challengers Bengaluru,Sunrisers Hyderabad,3,31-45,21,8,262.5,14.33,6.67,83.43,84.93,55.36,92.73,231.14,-31.36
A Raghuvanshi,1527675,2026-03-29,"Wankhede Stadium, Mumbai",1,Kolkata Knight Riders,Mumbai Indians,1,1-15,21,15,140.0,21.26,-0.26,-1.71,-40.59,-32.83,-9.71,121.21,-18.79
A Raghuvanshi,1527675,2026-03-29,"Wankhede Stadium, Mumbai",1,Kolkata Knight Riders,Mumbai Indians,2,16-30,30,14,214.29,26.24,3.76,26.88,33.69,41.46,46.39,185.53,-28.76
AM Rahane,1527675,2026-03-29,"Wankhede Stadium, Mumbai",1,Kolkata Knight Riders,Mumbai Indians,1,1-15,28,15,186.67,21.29,6.71,44.73,6.08,10.12,36.83,161.62,-25.05
AM Rahane,1527675,2026-03-29,"Wankhede Stadium, Mumbai",1,Kolkata Knight Riders,Mumbai Indians,2,16-30,31,15,206.67,23.05,7.95,53.01,26.08,30.12,39.1,178.93,-27.74
AM Rahane,1527675,2026-03-29,"Wankhede Stadium, Mumbai",1,Kolkata Knight Riders,Mumbai Indians,3,31-45,8,10,80.0,15.95,-7.95,-79.47,-100.59,-96.54,-93.71,69.26,-10.74
C Green,1527675,2026-03-29,"Wankhede Stadium, Mumbai",1,Kolkata Knight Riders,Mumbai Indians,1,1-15,18,10,180.0,12.73,5.27,52.75,-0.59,7.03,30.08,155.84,-24.16
FH Allen,1527675,2026-03-29,"Wankhede Stadium, Mumbai",1,Kolkata Knight Riders,Mumbai Indians,1,1-15,36,15,240.0,21.41,14.59,97.29,59.41,73.65,90.97,207.79,-32.21
FH Allen,1527675,2026-03-29,"Wankhede Stadium, Mumbai",1,Kolkata Knight Riders,Mumbai Indians,2,16-30,1,2,50.0,3.47,-2.47,-123.73,-130.59,-116.35,-118.26,43.29,-6.71
RK Singh,1527675,2026-03-29,"Wankhede Stadium, Mumbai",1,Kolkata Knight Riders,Mumbai Indians,1,1-15,24,15,160.0,24.23,-0.23,-1.51,-20.59,-17.0,9.71,138.53,-21.47
RK Singh,1527675,2026-03-29,"Wankhede Stadium, Mumbai",1,Kolkata Knight Riders,Mumbai Indians,2,16-30,9,6,150.0,12.49,-3.49,-58.17,-30.59,-27.0,-18.31,129.87,-20.13
Ramandeep Singh,1527675,2026-03-29,"Wankhede Stadium, Mumbai",1,Kolkata Knight Riders,Mumbai Indians,1,1-15,4,4,100.0,6.61,-2.61,-65.19,-80.59,-76.07,-49.86,86.58,-13.42
HH Pandya,1527675,2026-03-29,"Wankhede Stadium, Mumbai",2,Mumbai Indians,Kolkata Knight Riders,1,1-15,18,11,163.64,18.36,-0.36,-3.24,-16.95,-26.84,14.19,141.68,-21.96
Naman Dhir,1527675,2026-03-29,"Wankhede Stadium, Mumbai",2,Mumbai Indians,Kolkata Knight Riders,1,1-15,5,2,250.0,3.22,1.78,89.03,69.41,63.16,100.59,216.45,-33.55
RD Rickelton,1527675,2026-03-29,"Wankhede Stadium, Mumbai",2,Mumbai Indians,Kolkata Knight Riders,1,1-15,35,15,233.33,20.71,14.29,95.28,52.74,45.66,84.1,202.02,-31.31
RD Rickelton,1527675,2026-03-29,"Wankhede Stadium, Mumbai",2,Mumbai Indians,Kolkata Knight Riders,2,16-30,26,15,173.33,22.98,3.02,20.11,-7.26,-14.34,5.01,150.07,-23.26
RD Rickelton,1527675,2026-03-29,"Wankhede Stadium, Mumbai",2,Mumbai Indians,Kolkata Knight Riders,3,31-45,20,13,153.85,22.61,-2.61,-20.08,-26.74,-33.83,-17.91,133.2,-20.65
RG Sharma,1527675,2026-03-29,"Wankhede Stadium, Mumbai",2,Mumbai Indians,Kolkata Knight Riders,1,1-15,34,15,226.67,21.22,12.78,85.23,46.08,47.18,77.18,196.25,-30.42
RG Sharma,1527675,2026-03-29,"Wankhede Stadium, Mumbai",2,Mumbai Indians,Kolkata Knight Riders,2,16-30,26,15,173.33,25.17,0.83,5.53,-7.26,-6.15,4.95,150.07,-23.26
RG Sharma,1527675,2026-03-29,"Wankhede Stadium, Mumbai",2,Mumbai Indians,Kolkata Knight Riders,3,31-45,18,8,225.0,13.33,4.67,58.42,44.41,45.51,55.11,194.8,-30.2
SA Yadav,1527675,2026-03-29,"Wankhede Stadium, Mumbai",2,Mumbai Indians,Kolkata Knight Riders,1,1-15,16,8,200.0,11.4,4.6,57.49,19.41,12.96,50.64,173.16,-26.84
Tilak Varma,1527675,2026-03-29,"Wankhede Stadium, Mumbai",2,Mumbai Indians,Kolkata Knight Riders,1,1-15,20,14,142.86,23.84,-3.84,-27.42,-37.73,-51.26,-7.08,123.68,-19.17
A Kamboj,1527676,2026-03-30,"Barsapara Cricket Stadium, Guwahati",1,Chennai Super Kings,Rajasthan Royals,1,1-15,7,10,70.0,9.84,-2.84,-28.36,-51.35,-25.41,-79.89,90.19,20.19
A Mhatre,1527676,2026-03-30,"Barsapara Cricket Stadium, Guwahati",1,Chennai Super Kings,Rajasthan Royals,1,1-15,0,1,0.0,1.0,-1.0,-100.3,-121.35,-94.07,-149.27,0.0,0.0
J Overton,1527676,2026-03-30,"Barsapara Cricket Stadium, Guwahati",1,Chennai Super Kings,Rajasthan Royals,1,1-15,17,15,113.33,14.74,2.26,15.09,-8.02,31.41,-36.11,146.02,32.69
J Overton,1527676,2026-03-30,"Barsapara Cricket Stadium, Guwahati",1,Chennai Super Kings,Rajasthan Royals,2,16-30,16,15,106.67,19.3,-3.3,-21.98,-14.69,24.74,-62.31,137.43,30.76
J Overton,1527676,2026-03-30,"Barsapara Cricket Stadium, Guwahati",1,Chennai Super Kings,Rajasthan Royals,3,31-45,10,6,166.67,9.94,0.06,0.93,45.31,84.74,-4.52,214.74,48.07
Kartik Sharma,1527676,2026-03-30,"Barsapara Cricket Stadium, Guwahati",1,Chennai Super Kings,Rajasthan Royals,1,1-15,18,15,120.0,15.03,2.97,19.82,-1.35,30.58,-29.87,154.61,34.61
MJ Henry,1527676,2026-03-30,"Barsapara Cricket Stadium, Guwahati",1,Chennai Super Kings,Rajasthan Royals,1,1-15,5,7,71.43,5.97,-0.97,-13.85,-49.93,-23.21,-78.49,92.03,20.6
MW Short,1527676,2026-03-30,"Barsapara Cricket Stadium, Guwahati",1,Chennai Super Kings,Rajasthan Royals,1,1-15,2,7,28.57,7.16,-5.16,-73.69,-92.78,-68.75,-121.37,36.81,8.24
Noor Ahmad,1527676,2026-03-30,"Barsapara Cricket Stadium, Guwahati",1,Chennai Super Kings,Rajasthan Royals,1,1-15,1,9,11.11,8.27,-7.27,-80.81,-110.24,-88.89,-139.08,14.32,3.2
RD Gaikwad,1527676,2026-03-30,"Barsapara Cricket Stadium, Guwahati",1,Chennai Super Kings,Rajasthan Royals,1,1-15,6,11,54.55,14.16,-8.16,-74.18,-66.81,-42.68,-95.82,70.28,15.73
S Dube,1527676,2026-03-30,"Barsapara Cricket Stadium, Guwahati",1,Chennai Super Kings,Rajasthan Royals,1,1-15,6,4,150.0,3.71,2.29,57.18,28.65,58.7,0.21,193.26,43.26
SN Khan,1527676,2026-03-30,"Barsapara Cricket Stadium, Guwahati",1,Chennai Super Kings,Rajasthan Royals,1,1-15,17,12,141.67,12.75,4.25,35.43,20.31,53.82,-7.49,182.53,40.86
SV Samson,1527676,2026-03-30,"Barsapara Cricket Stadium, Guwahati",1,Chennai Super Kings,Rajasthan Royals,1,1-15,6,7,85.71,8.53,-2.53,-36.08,-35.64,-8.04,-63.74,110.44,24.72
Dhruv Jurel,1527676,2026-03-30,"Barsapara Cricket Stadium, Guwahati",2,Rajasthan Royals,Chennai Super Kings,1,1-15,18,9,200.0,10.91,7.09,78.74,78.65,37.5,50.62,257.68,57.68
R Parag,1527676,2026-03-30,"Barsapara Cricket Stadium, Guwahati",2,Rajasthan Royals,Chennai Super Kings,1,1-15,14,11,127.27,14.19,-0.19,-1.7,5.92,-46.92,-22.55,163.98,36.71
V Suryavanshi,1527676,2026-03-30,"Barsapara Cricket Stadium, Guwahati",2,Rajasthan Royals,Chennai Super Kings,1,1-15,50,15,333.33,21.08,28.92,192.77,211.98,208.33,186.3,429.47,96.14
V Suryavanshi,1527676,2026-03-30,"Barsapara Cricket Stadium, Guwahati",2,Rajasthan Royals,Chennai Super Kings,2,16-30,2,2,100.0,3.13,-1.13,-56.52,-21.35,-25.0,-67.98,128.84,28.84
YBK Jaiswal,1527676,2026-03-30,"Barsapara Cricket Stadium, Guwahati",2,Rajasthan Royals,Chennai Super Kings,1,1-15,15,15,100.0,20.89,-5.89,-39.28,-21.35,-127.03,-49.5,128.84,28.84
YBK Jaiswal,1527676,2026-03-30,"Barsapara Cricket Stadium, Guwahati",2,Rajasthan Royals,Chennai Super Kings,2,16-30,11,15,73.33,23.16,-12.16,-81.07,-48.02,-153.69,-95.73,94.48,21.15
YBK Jaiswal,1527676,2026-03-30,"Barsapara Cricket Stadium, Guwahati",2,Rajasthan Royals,Chennai Super Kings,3,31-45,12,6,200.0,9.11,2.89,48.25,78.65,-27.03,30.06,257.68,57.68
B Sai Sudharsan,1527677,2026-03-31,"Maharaja Yadavindra Singh International Cricket Stadium, New Chandigarh",1,Gujarat Titans,Punjab Kings,1,1-15,13,11,118.18,14.51,-1.51,-13.76,-12.75,-4.55,-31.79,141.13,22.95
GD Phillips,1527677,2026-03-31,"Maharaja Yadavindra Singh International Cricket Stadium, New Chandigarh",1,Gujarat Titans,Punjab Kings,1,1-15,23,15,153.33,19.2,3.8,25.32,22.4,35.06,3.6,183.11,29.77
GD Phillips,1527677,2026-03-31,"Maharaja Yadavindra Singh International Cricket Stadium, New Chandigarh",1,Gujarat Titans,Punjab Kings,2,16-30,2,2,100.0,3.0,-1.0,-50.19,-30.93,-18.27,-68.18,119.42,19.42
JC Buttler,1527677,2026-03-31,"Maharaja Yadavindra Singh International Cricket Stadium, New Chandigarh",1,Gujarat Titans,Punjab Kings,1,1-15,21,15,140.0,19.1,1.9,12.65,9.07,15.0,-8.98,167.18,27.18
JC Buttler,1527677,2026-03-31,"Maharaja Yadavindra Singh International Cricket Stadium, New Chandigarh",1,Gujarat Titans,Punjab Kings,2,16-30,17,15,113.33,21.02,-4.02,-26.83,-17.6,-11.67,-55.64,135.34,22.01
JC Buttler,1527677,2026-03-31,"Maharaja Yadavindra Singh International Cricket Stadium, New Chandigarh",1,Gujarat Titans,Punjab Kings,3,31-45,0,3,0.0,4.55,-4.55,-151.76,-130.93,-125.0,-174.29,0.0,0.0
M Shahrukh Khan,1527677,2026-03-31,"Maharaja Yadavindra Singh International Cricket Stadium, New Chandigarh",1,Gujarat Titans,Punjab Kings,1,1-15,4,6,66.67,8.28,-4.28,-71.4,-64.27,-58.55,-83.0,79.61,12.94
R Tewatia,1527677,2026-03-31,"Maharaja Yadavindra Singh International Cricket Stadium, New Chandigarh",1,Gujarat Titans,Punjab Kings,1,1-15,11,10,110.0,14.92,-3.92,-39.16,-20.93,-13.42,-39.78,131.36,21.36
Rashid Khan,1527677,2026-03-31,"Maharaja Yadavindra Singh International Cricket Stadium, New Chandigarh",1,Gujarat Titans,Punjab Kings,1,1-15,0,1,0.0,1.35,-1.35,-135.0,-130.93,-123.33,-149.67,0.0,0.0
Shubman Gill,1527677,2026-03-31,"Maharaja Yadavindra Singh International Cricket Stadium, New Chandigarh",1,Gujarat Titans,Punjab Kings,1,1-15,27,15,180.0,21.13,5.87,39.14,49.07,64.04,30.26,214.95,34.95
Shubman Gill,1527677,2026-03-31,"Maharaja Yadavindra Singh International Cricket Stadium, New Chandigarh",1,Gujarat Titans,Punjab Kings,2,16-30,12,12,100.0,16.66,-4.66,-38.85,-30.93,-15.96,-68.55,119.42,19.42
Washington Sundar,1527677,2026-03-31,"Maharaja Yadavindra Singh International Cricket Stadium, New Chandigarh",1,Gujarat Titans,Punjab Kings,1,1-15,18,15,120.0,22.24,-4.24,-28.24,-10.93,-3.81,-29.46,143.3,23.3
Washington Sundar,1527677,2026-03-31,"Maharaja Yadavindra Singh International Cricket Stadium, New Chandigarh",1,Gujarat Titans,Punjab Kings,2,16-30,0,1,0.0,1.77,-1.77,-177.21,-130.93,-123.81,-168.65,0.0,0.0
C Connolly,1527677,2026-03-31,"Maharaja Yadavindra Singh International Cricket Stadium, New Chandigarh",2,Punjab Kings,Gujarat Titans,1,1-15,26,15,173.33,20.01,5.99,39.92,42.4,47.98,23.48,206.99,33.66
C Connolly,1527677,2026-03-31,"Maharaja Yadavindra Singh International Cricket Stadium, New Chandigarh",2,Punjab Kings,Gujarat Titans,2,16-30,21,15,140.0,21.08,-0.08,-0.53,9.07,14.65,-28.07,167.18,27.18
C Connolly,1527677,2026-03-31,"Maharaja Yadavindra Singh International Cricket Stadium, New Chandigarh",2,Punjab Kings,Gujarat Titans,3,31-45,25,14,178.57,22.45,2.55,18.18,47.64,53.22,7.76,213.24,34.67
M Jansen,1527677,2026-03-31,"Maharaja Yadavindra Singh International Cricket Stadium, New Chandigarh",2,Punjab Kings,Gujarat Titans,1,1-15,9,10,90.0,12.48,-3.48,-34.81,-40.93,-54.76,-59.86,107.47,17.47
MP Stoinis,1527677,2026-03-31,"Maharaja Yadavindra Singh International Cricket Stadium, New Chandigarh",2,Punjab Kings,Gujarat Titans,1,1-15,0,2,0.0,2.11,-2.11,-105.3,-130.93,-142.48,-149.62,0.0,0.0
N Wadhera,1527677,2026-03-31,"Maharaja Yadavindra Singh International Cricket Stadium, New Chandigarh",2,Punjab Kings,Gujarat Titans,1,1-15,3,6,50.0,7.11,-4.11,-68.52,-80.93,-94.95,-100.19,59.71,9.71
P Simran Singh,1527677,2026-03-31,"Maharaja Yadavindra Singh International Cricket Stadium, New Chandigarh",2,Punjab Kings,Gujarat Titans,1,1-15,27,15,180.0,19.45,7.55,50.33,49.07,43.74,30.8,214.95,34.95
P Simran Singh,1527677,2026-03-31,"Maharaja Yadavindra Singh International Cricket Stadium, New Chandigarh",2,Punjab Kings,Gujarat Titans,2,16-30,10,9,111.11,12.38,-2.38,-26.44,-19.82,-25.15,-58.16,132.68,21.57
Priyansh Arya,1527677,2026-03-31,"Maharaja Yadavindra Singh International Cricket Stadium, New Chandigarh",2,Punjab Kings,Gujarat Titans,1,1-15,7,8,87.5,9.54,-2.54,-31.77,-43.43,-56.43,-60.86,104.49,16.99
SS Iyer,1527677,2026-03-31,"Maharaja Yadavindra Singh International Cricket Stadium, New Chandigarh",2,Punjab Kings,Gujarat Titans,1,1-15,18,11,163.64,13.5,4.5,40.87,32.7,26.14,14.15,195.41,31.77
Shashank Singh,1527677,2026-03-31,"Maharaja Yadavindra Singh International Cricket Stadium, New Chandigarh",2,Punjab Kings,Gujarat Titans,1,1-15,4,5,80.0,5.73,-1.73,-34.56,-50.93,-62.73,-69.54,95.53,15.53
XC Bartlett,1527677,2026-03-31,"Maharaja Yadavindra Singh International Cricket Stadium, New Chandigarh",2,Punjab Kings,Gujarat Titans,1,1-15,11,5,220.0,5.98,5.02,100.34,89.07,83.64,70.44,262.72,42.72
A Badoni,1527678,2026-04-01,"Bharat Ratna Shri Atal Bihari Vajpayee Ekana Cricket Stadium, Lucknow",1,Lucknow Super Giants,Delhi Capitals,1,1-15,0,3,0.0,2.9,-2.9,-96.61,-117.21,-116.51,-150.11,0.0,0.0
A Nortje,1527678,2026-04-01,"Bharat Ratna Shri Atal Bihari Vajpayee Ekana Cricket Stadium, Lucknow",1,Lucknow Super Giants,Delhi Capitals,1,1-15,0,1,0.0,0.99,-0.99,-98.99,-117.21,-114.41,-149.72,0.0,0.0
AK Markram,1527678,2026-04-01,"Bharat Ratna Shri Atal Bihari Vajpayee Ekana Cricket Stadium, Lucknow",1,Lucknow Super Giants,Delhi Capitals,1,1-15,11,8,137.5,9.65,1.35,16.92,20.29,25.96,-12.24,183.42,45.92
Abdul Samad,1527678,2026-04-01,"Bharat Ratna Shri Atal Bihari Vajpayee Ekana Cricket Stadium, Lucknow",1,Lucknow Super Giants,Delhi Capitals,1,1-15,18,15,120.0,16.75,1.25,8.3,2.79,15.4,-30.3,160.08,40.08
Abdul Samad,1527678,2026-04-01,"Bharat Ratna Shri Atal Bihari Vajpayee Ekana Cricket Stadium, Lucknow",1,Lucknow Super Giants,Delhi Capitals,2,16-30,18,10,180.0,14.55,3.45,34.48,62.79,75.4,11.46,240.12,60.12
MD Choudhary,1527678,2026-04-01,"Bharat Ratna Shri Atal Bihari Vajpayee Ekana Cricket Stadium, Lucknow",1,Lucknow Super Giants,Delhi Capitals,1,1-15,14,11,127.27,11.77,2.23,20.29,10.06,15.39,-22.66,169.78,42.51
MR Marsh,1527678,2026-04-01,"Bharat Ratna Shri Atal Bihari Vajpayee Ekana Cricket Stadium, Lucknow",1,Lucknow Super Giants,Delhi Capitals,1,1-15,19,15,126.67,20.5,-1.5,-9.99,9.46,17.14,-23.13,168.97,42.3
MR Marsh,1527678,2026-04-01,"Bharat Ratna Shri Atal Bihari Vajpayee Ekana Cricket Stadium, Lucknow",1,Lucknow Super Giants,Delhi Capitals,2,16-30,16,13,123.08,17.46,-1.46,-11.25,5.87,13.55,-45.48,164.18,41.1
Mohammed Shami,1527678,2026-04-01,"Bharat Ratna Shri Atal Bihari Vajpayee Ekana Cricket Stadium, Lucknow",1,Lucknow Super Giants,Delhi Capitals,1,1-15,1,2,50.0,2.13,-1.13,-56.52,-67.21,-64.55,-99.7,66.7,16.7
Mohsin Khan,1527678,2026-04-01,"Bharat Ratna Shri Atal Bihari Vajpayee Ekana Cricket Stadium, Lucknow",1,Lucknow Super Giants,Delhi Capitals,1,1-15,0,1,0.0,0.95,-0.95,-94.76,-117.21,-114.41,-149.72,0.0,0.0
N Pooran,1527678,2026-04-01,"Bharat Ratna Shri Atal Bihari Vajpayee Ekana Cricket Stadium, Lucknow",1,Lucknow Super Giants,Delhi Capitals,1,1-15,8,8,100.0,7.85,0.15,1.82,-17.21,-14.42,-50.59,133.4,33.4
RR Pant,1527678,2026-04-01,"Bharat Ratna Shri Atal Bihari Vajpayee Ekana Cricket Stadium, Lucknow",1,Lucknow Super Giants,Delhi Capitals,1,1-15,7,9,77.78,11.8,-4.8,-53.38,-39.43,-38.73,-72.4,103.75,25.98
Shahbaz Ahmed,1527678,2026-04-01,"Bharat Ratna Shri Atal Bihari Vajpayee Ekana Cricket Stadium, Lucknow",1,Lucknow Super Giants,Delhi Capitals,1,1-15,14,15,93.33,18.58,-4.58,-30.51,-23.88,-23.33,-56.6,124.5,31.17
Shahbaz Ahmed,1527678,2026-04-01,"Bharat Ratna Shri Atal Bihari Vajpayee Ekana Cricket Stadium, Lucknow",1,Lucknow Super Giants,Delhi Capitals,2,16-30,1,1,100.0,1.46,-0.46,-46.26,-17.21,-16.67,-68.13,133.4,33.4
AR Patel,1527678,2026-04-01,"Bharat Ratna Shri Atal Bihari Vajpayee Ekana Cricket Stadium, Lucknow",2,Delhi Capitals,Lucknow Super Giants,1,1-15,0,1,0.0,0.89,-0.89,-88.76,-117.21,-122.55,-149.86,0.0,0.0
KL Rahul,1527678,2026-04-01,"Bharat Ratna Shri Atal Bihari Vajpayee Ekana Cricket Stadium, Lucknow",2,Delhi Capitals,Lucknow Super Giants,1,1-15,0,1,0.0,1.03,-1.03,-102.59,-117.21,-122.55,-149.84,0.0,0.0
N Rana,1527678,2026-04-01,"Bharat Ratna Shri Atal Bihari Vajpayee Ekana Cricket Stadium, Lucknow",2,Delhi Capitals,Lucknow Super Giants,1,1-15,15,15,100.0,19.74,-4.74,-31.59,-17.21,-27.91,-50.17,133.4,33.4
N Rana,1527678,2026-04-01,"Bharat Ratna Shri Atal Bihari Vajpayee Ekana Cricket Stadium, Lucknow",2,Delhi Capitals,Lucknow Super Giants,2,16-30,0,2,0.0,3.22,-3.22,-161.08,-117.21,-127.91,-168.35,0.0,0.0
P Nissanka,1527678,2026-04-01,"Bharat Ratna Shri Atal Bihari Vajpayee Ekana Cricket Stadium, Lucknow",2,Delhi Capitals,Lucknow Super Giants,1,1-15,1,5,20.0,5.57,-4.57,-91.38,-97.21,-106.53,-129.5,26.68,6.68
Sameer Rizvi,1527678,2026-04-01,"Bharat Ratna Shri Atal Bihari Vajpayee Ekana Cricket Stadium, Lucknow",2,Delhi Capitals,Lucknow Super Giants,1,1-15,12,15,80.0,15.66,-3.66,-24.4,-37.21,-18.21,-70.72,106.72,26.72
Sameer Rizvi,1527678,2026-04-01,"Bharat Ratna Shri Atal Bihari Vajpayee Ekana Cricket Stadium, Lucknow",2,Delhi Capitals,Lucknow Super Giants,2,16-30,23,15,153.33,19.12,3.88,25.84,36.12,55.12,-14.01,204.54,51.21
Sameer Rizvi,1527678,2026-04-01,"Bharat Ratna Shri Atal Bihari Vajpayee Ekana Cricket Stadium, Lucknow",2,Delhi Capitals,Lucknow Super Giants,3,31-45,28,15,186.67,21.05,6.95,46.36,69.46,88.45,18.18,249.01,62.34
Sameer Rizvi,1527678,2026-04-01,"Bharat Ratna Shri Atal Bihari Vajpayee Ekana Cricket Stadium, Lucknow",2,Delhi Capitals,Lucknow Super Giants,4,46-60,7,2,350.0,3.1,3.9,194.93,232.79,251.79,150.0,466.89,116.89
T Stubbs,1527678,2026-04-01,"Bharat Ratna Shri Atal Bihari Vajpayee Ekana Cricket Stadium, Lucknow",2,Delhi Capitals,Lucknow Super Giants,1,1-15,19,15,126.67,15.31,3.69,24.59,9.46,5.54,-23.29,168.97,42.3
T Stubbs,1527678,2026-04-01,"Bharat Ratna Shri Atal Bihari Vajpayee Ekana Cricket Stadium, Lucknow",2,Delhi Capitals,Lucknow Super Giants,2,16-30,19,15,126.67,20.52,-1.52,-10.1,9.46,5.54,-41.69,168.97,42.3
T Stubbs,1527678,2026-04-01,"Bharat Ratna Shri Atal Bihari Vajpayee Ekana Cricket Stadium, Lucknow",2,Delhi Capitals,Lucknow Super Giants,3,31-45,1,2,50.0,3.25,-2.25,-112.53,-67.21,-71.13,-122.86,66.7,16.7
Abhishek Sharma,1527679,2026-04-02,"Eden Gardens, Kolkata",1,Sunrisers Hyderabad,Kolkata Knight Riders,1,1-15,35,15,233.33,20.96,14.04,93.59,63.89,66.67,84.35,215.31,-18.03
Abhishek Sharma,1527679,2026-04-02,"Eden Gardens, Kolkata",1,Sunrisers Hyderabad,Kolkata Knight Riders,2,16-30,13,6,216.67,9.23,3.77,62.9,47.22,50.0,49.78,199.93,-16.74
Aniket Verma,1527679,2026-04-02,"Eden Gardens, Kolkata",1,Sunrisers Hyderabad,Kolkata Knight Riders,1,1-15,1,4,25.0,4.85,-3.85,-96.24,-144.44,-157.76,-124.44,23.07,-1.93
H Klaasen,1527679,2026-04-02,"Eden Gardens, Kolkata",1,Sunrisers Hyderabad,Kolkata Knight Riders,1,1-15,20,15,133.33,21.05,-1.05,-7.02,-36.11,-56.08,-16.76,123.03,-10.3
H Klaasen,1527679,2026-04-02,"Eden Gardens, Kolkata",1,Sunrisers Hyderabad,Kolkata Knight Riders,2,16-30,21,15,140.0,26.63,-5.63,-37.53,-29.44,-49.41,-28.76,129.18,-10.82
H Klaasen,1527679,2026-04-02,"Eden Gardens, Kolkata",1,Sunrisers Hyderabad,Kolkata Knight Riders,3,31-45,11,5,220.0,10.12,0.88,17.54,50.56,30.59,47.27,203.0,-17.0
Harsh Dubey,1527679,2026-04-02,"Eden Gardens, Kolkata",1,Sunrisers Hyderabad,Kolkata Knight Riders,1,1-15,9,3,300.0,4.41,4.59,152.89,130.56,125.64,150.32,276.82,-23.18
Ishan Kishan,1527679,2026-04-02,"Eden Gardens, Kolkata",1,Sunrisers Hyderabad,Kolkata Knight Riders,1,1-15,14,9,155.56,11.43,2.57,28.57,-13.89,-23.72,6.08,143.54,-12.02
Nithish Kumar Reddy,1527679,2026-04-02,"Eden Gardens, Kolkata",1,Sunrisers Hyderabad,Kolkata Knight Riders,1,1-15,21,15,140.0,21.75,-0.75,-5.0,-29.44,-41.25,-10.11,129.18,-10.82
Nithish Kumar Reddy,1527679,2026-04-02,"Eden Gardens, Kolkata",1,Sunrisers Hyderabad,Kolkata Knight Riders,2,16-30,18,9,200.0,16.87,1.13,12.59,30.56,18.75,33.33,184.55,-15.45
S Arora,1527679,2026-04-02,"Eden Gardens, Kolkata",1,Sunrisers Hyderabad,Kolkata Knight Riders,1,1-15,0,1,0.0,1.46,-1.46,-145.67,-169.44,-178.99,-149.67,0.0,0.0
Shivang Kumar,1527679,2026-04-02,"Eden Gardens, Kolkata",1,Sunrisers Hyderabad,Kolkata Knight Riders,1,1-15,4,2,200.0,2.99,1.01,50.33,30.56,22.88,50.33,184.55,-15.45
TM Head,1527679,2026-04-02,"Eden Gardens, Kolkata",1,Sunrisers Hyderabad,Kolkata Knight Riders,1,1-15,34,15,226.67,20.55,13.45,89.64,57.22,57.98,77.2,209.16,-17.51
TM Head,1527679,2026-04-02,"Eden Gardens, Kolkata",1,Sunrisers Hyderabad,Kolkata Knight Riders,2,16-30,12,6,200.0,10.83,1.17,19.58,30.56,31.31,31.3,184.55,-15.45
A Raghuvanshi,1527679,2026-04-02,"Eden Gardens, Kolkata",2,Kolkata Knight Riders,Sunrisers Hyderabad,1,1-15,30,15,200.0,19.63,10.37,69.13,30.56,49.25,50.29,184.55,-15.45
A Raghuvanshi,1527679,2026-04-02,"Eden Gardens, Kolkata",2,Kolkata Knight Riders,Sunrisers Hyderabad,2,16-30,22,14,157.14,19.79,2.21,15.78,-12.3,6.4,-10.75,145.0,-12.14
AM Rahane,1527679,2026-04-02,"Eden Gardens, Kolkata",2,Kolkata Knight Riders,Sunrisers Hyderabad,1,1-15,8,10,80.0,12.45,-4.45,-44.46,-89.44,-88.6,-69.84,73.82,-6.18
AS Roy,1527679,2026-04-02,"Eden Gardens, Kolkata",2,Kolkata Knight Riders,Sunrisers Hyderabad,1,1-15,0,2,0.0,2.28,-2.28,-114.19,-169.44,-162.77,-149.78,0.0,0.0
C Green,1527679,2026-04-02,"Eden Gardens, Kolkata",2,Kolkata Knight Riders,Sunrisers Hyderabad,1,1-15,2,2,100.0,2.0,-0.0,-0.15,-69.44,-60.64,-49.92,92.27,-7.73
CV Varun,1527679,2026-04-02,"Eden Gardens, Kolkata",2,Kolkata Knight Riders,Sunrisers Hyderabad,1,1-15,0,1,0.0,1.0,-1.0,-99.69,-169.44,-161.05,-149.72,0.0,0.0
FH Allen,1527679,2026-04-02,"Eden Gardens, Kolkata",2,Kolkata Knight Riders,Sunrisers Hyderabad,1,1-15,28,7,400.0,9.3,18.7,267.08,230.56,259.55,250.97,369.1,-30.9
Kartik Tyagi,1527679,2026-04-02,"Eden Gardens, Kolkata",2,Kolkata Knight Riders,Sunrisers Hyderabad,1,1-15,5,5,100.0,5.74,-0.74,-14.81,-69.44,-62.64,-49.75,92.27,-7.73
RK Singh,1527679,2026-04-02,"Eden Gardens, Kolkata",2,Kolkata Knight Riders,Sunrisers Hyderabad,1,1-15,20,15,133.33,18.71,1.29,8.59,-36.11,-32.86,-16.95,123.03,-10.3
RK Singh,1527679,2026-04-02,"Eden Gardens, Kolkata",2,Kolkata Knight Riders,Sunrisers Hyderabad,2,16-30,15,10,150.0,15.28,-0.28,-2.81,-19.44,-16.2,-18.31,138.41,-11.59
Ramandeep Singh,1527679,2026-04-02,"Eden Gardens, Kolkata",2,Kolkata Knight Riders,Sunrisers Hyderabad,1,1-15,10,9,111.11,11.52,-1.52,-16.86,-58.33,-53.26,-38.75,102.53,-8.58
SP Narine,1527679,2026-04-02,"Eden Gardens, Kolkata",2,Kolkata Knight Riders,Sunrisers Hyderabad,1,1-15,12,4,300.0,5.13,6.87,171.87,130.56,146.74,150.57,276.82,-23.18
VG Arora,1527679,2026-04-02,"Eden Gardens, Kolkata",2,Kolkata Knight Riders,Sunrisers Hyderabad,1,1-15,1,2,50.0,2.04,-1.04,-52.2,-119.44,-111.7,-99.73,46.14,-3.86
A Mhatre,1527680,2026-04-03,"MA Chidambaram Stadium, Chepauk, Chennai",1,Chennai Super Kings,Punjab Kings,1,1-15,23,15,153.33,20.59,2.41,16.04,-13.9,0.77,4.07,143.36,-9.98
A Mhatre,1527680,2026-04-03,"MA Chidambaram Stadium, Chepauk, Chennai",1,Chennai Super Kings,Punjab Kings,2,16-30,35,15,233.33,21.76,13.24,88.29,66.1,80.77,66.21,218.15,-15.18
A Mhatre,1527680,2026-04-03,"MA Chidambaram Stadium, Chepauk, Chennai",1,Chennai Super Kings,Punjab Kings,3,31-45,15,13,115.38,19.18,-4.18,-32.19,-51.85,-37.18,-59.4,107.88,-7.51
Kartik Sharma,1527680,2026-04-03,"MA Chidambaram Stadium, Chepauk, Chennai",1,Chennai Super Kings,Punjab Kings,1,1-15,1,3,33.33,3.58,-2.58,-86.12,-133.9,-128.53,-116.54,31.16,-2.17
PR Veer,1527680,2026-04-03,"MA Chidambaram Stadium, Chepauk, Chennai",1,Chennai Super Kings,Punjab Kings,1,1-15,6,7,85.71,10.48,-4.48,-63.95,-81.52,-77.44,-64.27,80.14,-5.58
RD Gaikwad,1527680,2026-04-03,"MA Chidambaram Stadium, Chepauk, Chennai",1,Chennai Super Kings,Punjab Kings,1,1-15,20,15,133.33,19.92,0.08,0.54,-33.9,-32.32,-17.03,124.66,-8.67
RD Gaikwad,1527680,2026-04-03,"MA Chidambaram Stadium, Chepauk, Chennai",1,Chennai Super Kings,Punjab Kings,2,16-30,8,7,114.29,10.21,-2.21,-31.52,-52.95,-51.37,-54.35,106.85,-7.43
S Dube,1527680,2026-04-03,"MA Chidambaram Stadium, Chepauk, Chennai",1,Chennai Super Kings,Punjab Kings,1,1-15,20,15,133.33,21.25,-1.25,-8.33,-33.9,-23.05,-16.46,124.66,-8.67
S Dube,1527680,2026-04-03,"MA Chidambaram Stadium, Chepauk, Chennai",1,Chennai Super Kings,Punjab Kings,2,16-30,25,12,208.33,23.68,1.32,11.02,41.1,51.95,40.67,194.78,-13.55
SN Khan,1527680,2026-04-03,"MA Chidambaram Stadium, Chepauk, Chennai",1,Chennai Super Kings,Punjab Kings,1,1-15,32,12,266.67,17.3,14.7,122.48,99.43,119.88,117.51,249.32,-17.35
SV Samson,1527680,2026-04-03,"MA Chidambaram Stadium, Chepauk, Chennai",1,Chennai Super Kings,Punjab Kings,1,1-15,7,7,100.0,8.97,-1.97,-28.2,-67.23,-62.28,-49.46,93.49,-6.51
C Connolly,1527680,2026-04-03,"MA Chidambaram Stadium, Chepauk, Chennai",2,Punjab Kings,Chennai Super Kings,1,1-15,20,15,133.33,19.39,0.61,4.04,-33.9,-46.01,-16.52,124.66,-8.67
C Connolly,1527680,2026-04-03,"MA Chidambaram Stadium, Chepauk, Chennai",2,Punjab Kings,Chennai Super Kings,2,16-30,16,7,228.57,10.66,5.34,76.32,61.34,49.22,60.5,213.7,-14.87
MP Stoinis,1527680,2026-04-03,"MA Chidambaram Stadium, Chepauk, Chennai",2,Punjab Kings,Chennai Super Kings,1,1-15,9,3,300.0,4.36,4.64,154.7,132.77,127.03,150.38,280.48,-19.52
N Wadhera,1527680,2026-04-03,"MA Chidambaram Stadium, Chepauk, Chennai",2,Punjab Kings,Chennai Super Kings,1,1-15,10,9,111.11,12.86,-2.86,-31.83,-56.12,-70.79,-39.08,103.88,-7.23
P Simran Singh,1527680,2026-04-03,"MA Chidambaram Stadium, Chepauk, Chennai",2,Punjab Kings,Chennai Super Kings,1,1-15,19,15,126.67,21.3,-2.3,-15.32,-40.57,-70.83,-22.54,118.43,-8.24
P Simran Singh,1527680,2026-04-03,"MA Chidambaram Stadium, Chepauk, Chennai",2,Punjab Kings,Chennai Super Kings,2,16-30,18,15,120.0,23.85,-5.85,-38.98,-47.23,-77.5,-49.27,112.19,-7.81
P Simran Singh,1527680,2026-04-03,"MA Chidambaram Stadium, Chepauk, Chennai",2,Punjab Kings,Chennai Super Kings,3,31-45,6,4,150.0,5.79,0.21,5.32,-17.23,-47.5,-21.35,140.24,-9.76
Priyansh Arya,1527680,2026-04-03,"MA Chidambaram Stadium, Chepauk, Chennai",2,Punjab Kings,Chennai Super Kings,1,1-15,39,11,354.55,15.8,23.2,210.89,187.31,197.26,206.18,331.48,-23.07
SS Iyer,1527680,2026-04-03,"MA Chidambaram Stadium, Chepauk, Chennai",2,Punjab Kings,Chennai Super Kings,1,1-15,25,15,166.67,21.1,3.9,26.0,-0.57,-10.98,17.18,155.82,-10.84
SS Iyer,1527680,2026-04-03,"MA Chidambaram Stadium, Chepauk, Chennai",2,Punjab Kings,Chennai Super Kings,2,16-30,25,14,178.57,25.23,-0.23,-1.66,11.34,0.92,12.05,166.95,-11.62
Shashank Singh,1527680,2026-04-03,"MA Chidambaram Stadium, Chepauk, Chennai",2,Punjab Kings,Chennai Super Kings,1,1-15,14,6,233.33,9.27,4.73,78.82,66.1,60.19,83.79,218.15,-15.18
C Bosch,1527681,2026-04-04,"Arun Jaitley Stadium, Delhi",1,Mumbai Indians,Delhi Capitals,1,1-15,11,4,275.0,5.43,5.57,139.24,137.01,149.14,125.49,311.6,36.6
MJ Santner,1527681,2026-04-04,"Arun Jaitley Stadium, Delhi",1,Mumbai Indians,Delhi Capitals,1,1-15,18,13,138.46,18.51,-0.51,-3.92,0.47,8.55,-11.29,156.89,18.43
Naman Dhir,1527681,2026-04-04,"Arun Jaitley Stadium, Delhi",1,Mumbai Indians,Delhi Capitals,1,1-15,25,15,166.67,18.13,6.87,45.82,28.68,36.36,17.25,188.85,22.18
Naman Dhir,1527681,2026-04-04,"Arun Jaitley Stadium, Delhi",1,Mumbai Indians,Delhi Capitals,2,16-30,3,6,50.0,10.31,-7.31,-121.83,-87.99,-80.3,-118.66,56.65,6.65
RD Rickelton,1527681,2026-04-04,"Arun Jaitley Stadium, Delhi",1,Mumbai Indians,Delhi Capitals,1,1-15,9,11,81.82,14.75,-5.75,-52.24,-56.17,-53.96,-67.42,92.71,10.89
RG Sharma,1527681,2026-04-04,"Arun Jaitley Stadium, Delhi",1,Mumbai Indians,Delhi Capitals,1,1-15,21,15,140.0,19.06,1.94,12.93,2.01,10.21,-9.49,158.63,18.63
RG Sharma,1527681,2026-04-04,"Arun Jaitley Stadium, Delhi",1,Mumbai Indians,Delhi Capitals,2,16-30,14,11,127.27,14.17,-0.17,-1.53,-10.72,-2.51,-41.11,144.21,16.94
SA Yadav,1527681,2026-04-04,"Arun Jaitley Stadium, Delhi",1,Mumbai Indians,Delhi Capitals,1,1-15,23,15,153.33,17.54,5.46,36.41,15.34,27.14,3.97,173.74,20.4
SA Yadav,1527681,2026-04-04,"Arun Jaitley Stadium, Delhi",1,Mumbai Indians,Delhi Capitals,2,16-30,20,15,133.33,19.52,0.48,3.21,-4.66,7.14,-35.57,151.08,17.74
SA Yadav,1527681,2026-04-04,"Arun Jaitley Stadium, Delhi",1,Mumbai Indians,Delhi Capitals,3,31-45,8,6,133.33,8.48,-0.48,-8.0,-4.66,7.14,-38.42,151.08,17.74
SE Rutherford,1527681,2026-04-04,"Arun Jaitley Stadium, Delhi",1,Mumbai Indians,Delhi Capitals,1,1-15,5,7,71.43,7.35,-2.35,-33.54,-66.56,-63.08,-77.98,80.93,9.51
Tilak Varma,1527681,2026-04-04,"Arun Jaitley Stadium, Delhi",1,Mumbai Indians,Delhi Capitals,1,1-15,0,2,0.0,2.24,-2.24,-112.23,-137.99,-133.05,-149.94,0.0,0.0
DA Miller,1527681,2026-04-04,"Arun Jaitley Stadium, Delhi",2,Delhi Capitals,Mumbai Indians,1,1-15,15,15,100.0,21.71,-6.71,-44.73,-37.99,-51.65,-49.86,113.31,13.31
DA Miller,1527681,2026-04-04,"Arun Jaitley Stadium, Delhi",2,Delhi Capitals,Mumbai Indians,2,16-30,6,3,200.0,5.49,0.51,17.0,62.01,48.35,32.39,226.62,26.62
KL Rahul,1527681,2026-04-04,"Arun Jaitley Stadium, Delhi",2,Delhi Capitals,Mumbai Indians,1,1-15,1,3,33.33,3.43,-2.43,-81.1,-104.66,-115.72,-116.51,37.77,4.44
N Rana,1527681,2026-04-04,"Arun Jaitley Stadium, Delhi",2,Delhi Capitals,Mumbai Indians,1,1-15,0,3,0.0,3.13,-3.13,-104.31,-137.99,-150.0,-150.17,0.0,0.0
P Nissanka,1527681,2026-04-04,"Arun Jaitley Stadium, Delhi",2,Delhi Capitals,Mumbai Indians,1,1-15,21,15,140.0,18.02,2.98,19.87,2.01,-5.57,-9.5,158.63,18.63
P Nissanka,1527681,2026-04-04,"Arun Jaitley Stadium, Delhi",2,Delhi Capitals,Mumbai Indians,2,16-30,23,15,153.33,21.89,1.11,7.42,15.34,7.76,-15.45,173.74,20.4
Sameer Rizvi,1527681,2026-04-04,"Arun Jaitley Stadium, Delhi",2,Delhi Capitals,Mumbai Indians,1,1-15,9,15,60.0,17.03,-8.03,-53.53,-77.99,-58.97,-90.72,67.98,7.98
Sameer Rizvi,1527681,2026-04-04,"Arun Jaitley Stadium, Delhi",2,Delhi Capitals,Mumbai Indians,2,16-30,36,15,240.0,19.34,16.66,111.08,102.01,121.03,72.66,271.94,31.94
Sameer Rizvi,1527681,2026-04-04,"Arun Jaitley Stadium, Delhi",2,Delhi Capitals,Mumbai Indians,3,31-45,32,15,213.33,21.43,10.57,70.5,75.34,94.37,44.85,241.72,28.39
Sameer Rizvi,1527681,2026-04-04,"Arun Jaitley Stadium, Delhi",2,Delhi Capitals,Mumbai Indians,4,46-60,13,6,216.67,9.38,3.62,60.38,78.68,97.7,16.67,245.5,28.83
T Stubbs,1527681,2026-04-04,"Arun Jaitley Stadium, Delhi",2,Delhi Capitals,Mumbai Indians,1,1-15,3,4,75.0,5.58,-2.58,-64.62,-62.99,-73.57,-74.95,84.98,9.98
D Ferreira,1527682,2026-04-04,"Narendra Modi Stadium, Ahmedabad",1,Rajasthan Royals,Gujarat Titans,1,1-15,1,3,33.33,3.96,-2.96,-98.83,-128.49,-133.33,-116.4,32.21,-1.13
Dhruv Jurel,1527682,2026-04-04,"Narendra Modi Stadium, Ahmedabad",1,Rajasthan Royals,Gujarat Titans,1,1-15,17,15,113.33,19.28,-2.28,-15.21,-48.49,-41.79,-36.05,109.5,-3.83
Dhruv Jurel,1527682,2026-04-04,"Narendra Modi Stadium, Ahmedabad",1,Rajasthan Royals,Gujarat Titans,2,16-30,33,15,220.0,24.14,8.86,59.08,58.17,64.87,52.4,212.56,-7.44
Dhruv Jurel,1527682,2026-04-04,"Narendra Modi Stadium, Ahmedabad",1,Rajasthan Royals,Gujarat Titans,3,31-45,25,12,208.33,22.81,2.19,18.25,46.51,53.21,37.89,201.29,-7.04
JC Archer,1527682,2026-04-04,"Narendra Modi Stadium, Ahmedabad",1,Rajasthan Royals,Gujarat Titans,1,1-15,1,2,50.0,3.0,-2.0,-99.96,-111.83,-115.25,-99.91,48.31,-1.69
R Parag,1527682,2026-04-04,"Narendra Modi Stadium, Ahmedabad",1,Rajasthan Royals,Gujarat Titans,1,1-15,8,4,200.0,5.03,2.97,74.29,38.17,37.93,50.17,193.24,-6.76
RA Jadeja,1527682,2026-04-04,"Narendra Modi Stadium, Ahmedabad",1,Rajasthan Royals,Gujarat Titans,1,1-15,7,7,100.0,10.68,-3.68,-52.51,-61.83,-67.26,-50.06,96.62,-3.38
SO Hetmyer,1527682,2026-04-04,"Narendra Modi Stadium, Ahmedabad",1,Rajasthan Royals,Gujarat Titans,1,1-15,18,8,225.0,11.01,6.99,87.38,63.17,66.07,75.33,217.39,-7.61
V Suryavanshi,1527682,2026-04-04,"Narendra Modi Stadium, Ahmedabad",1,Rajasthan Royals,Gujarat Titans,1,1-15,30,15,200.0,21.23,8.77,58.48,38.17,38.24,52.96,193.24,-6.76
V Suryavanshi,1527682,2026-04-04,"Narendra Modi Stadium, Ahmedabad",1,Rajasthan Royals,Gujarat Titans,2,16-30,1,3,33.33,4.8,-3.8,-126.67,-128.49,-128.43,-134.64,32.21,-1.13
YBK Jaiswal,1527682,2026-04-04,"Narendra Modi Stadium, Ahmedabad",1,Rajasthan Royals,Gujarat Titans,1,1-15,24,15,160.0,20.95,3.05,20.3,-1.83,-7.86,10.5,154.59,-5.41
YBK Jaiswal,1527682,2026-04-04,"Narendra Modi Stadium, Ahmedabad",1,Rajasthan Royals,Gujarat Titans,2,16-30,23,15,153.33,22.26,0.74,4.91,-8.49,-14.52,-15.73,148.15,-5.18
YBK Jaiswal,1527682,2026-04-04,"Narendra Modi Stadium, Ahmedabad",1,Rajasthan Royals,Gujarat Titans,3,31-45,8,6,133.33,9.22,-1.22,-20.3,-28.49,-34.52,-36.61,128.83,-4.51
Ashok Sharma,1527682,2026-04-04,"Narendra Modi Stadium, Ahmedabad",2,Gujarat Titans,Rajasthan Royals,1,1-15,0,1,0.0,1.31,-1.31,-131.37,-161.83,-161.67,-149.72,0.0,0.0
B Sai Sudharsan,1527682,2026-04-04,"Narendra Modi Stadium, Ahmedabad",2,Gujarat Titans,Rajasthan Royals,1,1-15,21,15,140.0,22.72,-1.72,-11.47,-21.83,-17.14,-9.97,135.27,-4.73
B Sai Sudharsan,1527682,2026-04-04,"Narendra Modi Stadium, Ahmedabad",2,Gujarat Titans,Rajasthan Royals,2,16-30,26,15,173.33,24.43,1.57,10.48,11.51,16.19,5.33,167.47,-5.86
B Sai Sudharsan,1527682,2026-04-04,"Narendra Modi Stadium, Ahmedabad",2,Gujarat Titans,Rajasthan Royals,3,31-45,26,14,185.71,19.9,6.1,43.6,23.89,28.57,15.19,179.44,-6.28
GD Phillips,1527682,2026-04-04,"Narendra Modi Stadium, Ahmedabad",2,Gujarat Titans,Rajasthan Royals,1,1-15,3,4,75.0,4.83,-1.83,-45.74,-86.83,-88.25,-74.73,72.46,-2.54
JC Buttler,1527682,2026-04-04,"Narendra Modi Stadium, Ahmedabad",2,Gujarat Titans,Rajasthan Royals,1,1-15,26,14,185.71,18.7,7.3,52.18,23.89,28.7,36.74,179.44,-6.28
K Rabada,1527682,2026-04-04,"Narendra Modi Stadium, Ahmedabad",2,Gujarat Titans,Rajasthan Royals,1,1-15,22,15,146.67,21.83,0.17,1.17,-15.16,-16.19,-3.02,141.71,-4.96
K Rabada,1527682,2026-04-04,"Narendra Modi Stadium, Ahmedabad",2,Gujarat Titans,Rajasthan Royals,2,16-30,1,1,100.0,1.86,-0.86,-85.98,-61.83,-62.86,-68.13,96.62,-3.38
Kumar Kushagra,1527682,2026-04-04,"Narendra Modi Stadium, Ahmedabad",2,Gujarat Titans,Rajasthan Royals,1,1-15,18,14,128.57,18.88,-0.88,-6.31,-33.25,-35.91,-21.19,124.22,-4.35
M Shahrukh Khan,1527682,2026-04-04,"Narendra Modi Stadium, Ahmedabad",2,Gujarat Titans,Rajasthan Royals,1,1-15,11,4,275.0,4.88,6.12,153.01,113.17,118.59,125.33,265.7,-9.3
R Tewatia,1527682,2026-04-04,"Narendra Modi Stadium, Ahmedabad",2,Gujarat Titans,Rajasthan Royals,1,1-15,12,6,200.0,7.68,4.32,71.96,38.17,41.74,50.22,193.24,-6.76
Rashid Khan,1527682,2026-04-04,"Narendra Modi Stadium, Ahmedabad",2,Gujarat Titans,Rajasthan Royals,1,1-15,24,15,160.0,21.97,2.03,13.56,-1.83,-1.9,10.33,154.59,-5.41
Rashid Khan,1527682,2026-04-04,"Narendra Modi Stadium, Ahmedabad",2,Gujarat Titans,Rajasthan Royals,2,16-30,0,1,0.0,1.88,-1.88,-188.21,-161.83,-161.9,-168.21,0.0,0.0
Washington Sundar,1527682,2026-04-04,"Narendra Modi Stadium, Ahmedabad",2,Gujarat Titans,Rajasthan Royals,1,1-15,4,2,200.0,2.41,1.59,79.71,38.17,40.34,50.54,193.24,-6.76
Abhishek Sharma,1527683,2026-04-05,"Rajiv Gandhi International Stadium, Uppal, Hyderabad",1,Sunrisers Hyderabad,Lucknow Super Giants,1,1-15,0,2,0.0,2.1,-2.1,-105.04,-129.29,-127.97,-148.98,0.0,0.0
Aniket Verma,1527683,2026-04-05,"Rajiv Gandhi International Stadium, Uppal, Hyderabad",1,Sunrisers Hyderabad,Lucknow Super Giants,1,1-15,2,5,40.0,6.18,-4.18,-83.59,-89.29,-89.57,-109.44,48.37,8.37
H Klaasen,1527683,2026-04-05,"Rajiv Gandhi International Stadium, Uppal, Hyderabad",1,Sunrisers Hyderabad,Lucknow Super Giants,1,1-15,15,15,100.0,14.73,0.27,1.83,-29.29,-12.66,-50.1,120.93,20.93
H Klaasen,1527683,2026-04-05,"Rajiv Gandhi International Stadium, Uppal, Hyderabad",1,Sunrisers Hyderabad,Lucknow Super Giants,2,16-30,33,15,220.0,18.85,14.15,94.36,90.71,107.34,51.24,266.06,46.06
H Klaasen,1527683,2026-04-05,"Rajiv Gandhi International Stadium, Uppal, Hyderabad",1,Sunrisers Hyderabad,Lucknow Super Giants,3,31-45,14,11,127.27,16.92,-2.92,-26.52,-2.02,14.61,-45.45,153.92,26.64
HV Patel,1527683,2026-04-05,"Rajiv Gandhi International Stadium, Uppal, Hyderabad",1,Sunrisers Hyderabad,Lucknow Super Giants,1,1-15,4,2,200.0,2.24,1.76,87.76,70.71,75.42,50.27,241.87,41.87
Harsh Dubey,1527683,2026-04-05,"Rajiv Gandhi International Stadium, Uppal, Hyderabad",1,Sunrisers Hyderabad,Lucknow Super Giants,1,1-15,0,1,0.0,1.18,-1.18,-117.84,-129.29,-126.89,-149.68,0.0,0.0
Ishan Kishan,1527683,2026-04-05,"Rajiv Gandhi International Stadium, Uppal, Hyderabad",1,Sunrisers Hyderabad,Lucknow Super Giants,1,1-15,1,4,25.0,4.21,-3.21,-80.14,-104.29,-104.31,-124.47,30.23,5.23
LS Livingstone,1527683,2026-04-05,"Rajiv Gandhi International Stadium, Uppal, Hyderabad",1,Sunrisers Hyderabad,Lucknow Super Giants,1,1-15,12,15,80.0,15.87,-3.87,-25.83,-49.29,-57.0,-70.0,96.75,16.75
LS Livingstone,1527683,2026-04-05,"Rajiv Gandhi International Stadium, Uppal, Hyderabad",1,Sunrisers Hyderabad,Lucknow Super Giants,2,16-30,2,5,40.0,5.61,-3.61,-72.27,-89.29,-97.0,-128.6,48.37,8.37
Nithish Kumar Reddy,1527683,2026-04-05,"Rajiv Gandhi International Stadium, Uppal, Hyderabad",1,Sunrisers Hyderabad,Lucknow Super Giants,1,1-15,11,15,73.33,14.52,-3.52,-23.44,-55.96,-35.86,-76.78,88.69,15.35
Nithish Kumar Reddy,1527683,2026-04-05,"Rajiv Gandhi International Stadium, Uppal, Hyderabad",1,Sunrisers Hyderabad,Lucknow Super Giants,2,16-30,39,15,260.0,19.39,19.61,130.74,130.71,150.8,93.33,314.43,54.43
Nithish Kumar Reddy,1527683,2026-04-05,"Rajiv Gandhi International Stadium, Uppal, Hyderabad",1,Sunrisers Hyderabad,Lucknow Super Giants,3,31-45,6,3,200.0,4.88,1.12,37.37,70.71,90.8,29.13,241.87,41.87
Shivang Kumar,1527683,2026-04-05,"Rajiv Gandhi International Stadium, Uppal, Hyderabad",1,Sunrisers Hyderabad,Lucknow Super Giants,1,1-15,5,4,125.0,4.8,0.2,5.09,-4.29,-0.86,-24.67,151.17,26.17
TM Head,1527683,2026-04-05,"Rajiv Gandhi International Stadium, Uppal, Hyderabad",1,Sunrisers Hyderabad,Lucknow Super Giants,1,1-15,7,8,87.5,8.94,-1.94,-24.26,-41.79,-41.07,-61.97,105.82,18.32
A Badoni,1527683,2026-04-05,"Rajiv Gandhi International Stadium, Uppal, Hyderabad",2,Lucknow Super Giants,Sunrisers Hyderabad,1,1-15,12,9,133.33,10.54,1.46,16.25,4.04,0.61,-16.78,161.25,27.91
AK Markram,1527683,2026-04-05,"Rajiv Gandhi International Stadium, Uppal, Hyderabad",2,Lucknow Super Giants,Sunrisers Hyderabad,1,1-15,22,15,146.67,20.42,1.58,10.5,17.38,23.84,-3.08,177.37,30.7
AK Markram,1527683,2026-04-05,"Rajiv Gandhi International Stadium, Uppal, Hyderabad",2,Lucknow Super Giants,Sunrisers Hyderabad,2,16-30,23,12,191.67,18.21,4.79,39.91,62.38,68.84,23.66,231.79,40.12
Abdul Samad,1527683,2026-04-05,"Rajiv Gandhi International Stadium, Uppal, Hyderabad",2,Lucknow Super Giants,Sunrisers Hyderabad,1,1-15,16,12,133.33,15.99,0.01,0.05,4.04,0.62,-16.97,161.25,27.91
MD Choudhary,1527683,2026-04-05,"Rajiv Gandhi International Stadium, Uppal, Hyderabad",2,Lucknow Super Giants,Sunrisers Hyderabad,1,1-15,2,5,40.0,6.88,-4.88,-97.59,-89.29,-96.84,-109.94,48.37,8.37
MR Marsh,1527683,2026-04-05,"Rajiv Gandhi International Stadium, Uppal, Hyderabad",2,Lucknow Super Giants,Sunrisers Hyderabad,1,1-15,14,12,116.67,16.29,-2.29,-19.04,-12.62,-17.91,-33.13,141.09,24.42
N Pooran,1527683,2026-04-05,"Rajiv Gandhi International Stadium, Uppal, Hyderabad",2,Lucknow Super Giants,Sunrisers Hyderabad,1,1-15,1,4,25.0,4.47,-3.47,-86.85,-104.29,-111.52,-125.59,30.23,5.23
RR Pant,1527683,2026-04-05,"Rajiv Gandhi International Stadium, Uppal, Hyderabad",2,Lucknow Super Giants,Sunrisers Hyderabad,1,1-15,15,15,100.0,18.25,-3.25,-21.68,-29.29,-30.43,-50.18,120.93,20.93
RR Pant,1527683,2026-04-05,"Rajiv Gandhi International Stadium, Uppal, Hyderabad",2,Lucknow Super Giants,Sunrisers Hyderabad,2,16-30,17,15,113.33,20.68,-3.68,-24.52,-15.96,-17.1,-55.42,137.06,23.73
RR Pant,1527683,2026-04-05,"Rajiv Gandhi International Stadium, Uppal, Hyderabad",2,Lucknow Super Giants,Sunrisers Hyderabad,3,31-45,24,15,160.0,22.74,1.26,8.4,30.71,29.57,-11.59,193.5,33.5
RR Pant,1527683,2026-04-05,"Rajiv Gandhi International Stadium, Uppal, Hyderabad",2,Lucknow Super Giants,Sunrisers Hyderabad,4,46-60,12,5,240.0,8.92,3.08,61.66,110.71,109.57,32.31,290.24,50.24
D Padikkal,1527684,2026-04-05,"M Chinnaswamy Stadium, Bengaluru",1,Royal Challengers Bengaluru,Chennai Super Kings,1,1-15,16,15,106.67,18.94,-2.94,-19.58,-76.74,-102.03,-42.57,90.94,-15.73
D Padikkal,1527684,2026-04-05,"M Chinnaswamy Stadium, Bengaluru",1,Royal Challengers Bengaluru,Chennai Super Kings,2,16-30,34,14,242.86,21.58,12.42,88.72,59.45,34.16,75.97,207.04,-35.82
PD Salt,1527684,2026-04-05,"M Chinnaswamy Stadium, Bengaluru",1,Royal Challengers Bengaluru,Chennai Super Kings,1,1-15,20,15,133.33,20.28,-0.28,-1.89,-50.07,-82.05,-16.17,113.67,-19.66
PD Salt,1527684,2026-04-05,"M Chinnaswamy Stadium, Bengaluru",1,Royal Challengers Bengaluru,Chennai Super Kings,2,16-30,26,15,173.33,20.63,5.37,35.79,-10.07,-42.05,6.16,147.77,-25.56
RM Patidar,1527684,2026-04-05,"M Chinnaswamy Stadium, Bengaluru",1,Royal Challengers Bengaluru,Chennai Super Kings,1,1-15,40,15,266.67,21.75,18.25,121.65,83.26,76.47,118.56,227.34,-39.33
RM Patidar,1527684,2026-04-05,"M Chinnaswamy Stadium, Bengaluru",1,Royal Challengers Bengaluru,Chennai Super Kings,2,16-30,8,4,200.0,8.75,-0.75,-18.85,16.6,9.8,31.73,170.5,-29.5
TH David,1527684,2026-04-05,"M Chinnaswamy Stadium, Bengaluru",1,Royal Challengers Bengaluru,Chennai Super Kings,1,1-15,28,15,186.67,24.6,3.4,22.7,3.26,7.5,37.37,159.14,-27.53
TH David,1527684,2026-04-05,"M Chinnaswamy Stadium, Bengaluru",1,Royal Challengers Bengaluru,Chennai Super Kings,2,16-30,42,10,420.0,21.1,20.9,208.97,236.6,240.83,254.39,358.06,-61.94
V Kohli,1527684,2026-04-05,"M Chinnaswamy Stadium, Bengaluru",1,Royal Challengers Bengaluru,Chennai Super Kings,1,1-15,24,15,160.0,20.84,3.16,21.07,-23.4,-47.77,10.85,136.4,-23.6
V Kohli,1527684,2026-04-05,"M Chinnaswamy Stadium, Bengaluru",1,Royal Challengers Bengaluru,Chennai Super Kings,2,16-30,4,3,133.33,5.15,-1.15,-38.31,-50.07,-74.43,-36.11,113.67,-19.66
A Kamboj,1527684,2026-04-05,"M Chinnaswamy Stadium, Bengaluru",2,Chennai Super Kings,Royal Challengers Bengaluru,1,1-15,19,12,158.33,15.91,3.09,25.73,-25.07,-9.26,8.44,134.98,-23.35
A Mhatre,1527684,2026-04-05,"M Chinnaswamy Stadium, Bengaluru",2,Chennai Super Kings,Royal Challengers Bengaluru,1,1-15,1,3,33.33,3.44,-2.44,-81.19,-150.07,-136.75,-115.93,28.42,-4.92
J Overton,1527684,2026-04-05,"M Chinnaswamy Stadium, Bengaluru",2,Chennai Super Kings,Royal Challengers Bengaluru,1,1-15,37,15,246.67,20.25,16.75,111.65,63.26,89.94,97.22,210.29,-36.38
J Overton,1527684,2026-04-05,"M Chinnaswamy Stadium, Bengaluru",2,Chennai Super Kings,Royal Challengers Bengaluru,2,16-30,0,1,0.0,1.58,-1.58,-157.91,-183.4,-156.73,-168.98,0.0,0.0
Kartik Sharma,1527684,2026-04-05,"M Chinnaswamy Stadium, Bengaluru",2,Chennai Super Kings,Royal Challengers Bengaluru,1,1-15,6,3,200.0,3.02,2.98,99.22,16.6,34.19,50.13,170.5,-29.5
MJ Henry,1527684,2026-04-05,"M Chinnaswamy Stadium, Bengaluru",2,Chennai Super Kings,Royal Challengers Bengaluru,1,1-15,2,3,66.67,3.75,-1.75,-58.35,-116.74,-102.56,-83.25,56.83,-9.83
Noor Ahmad,1527684,2026-04-05,"M Chinnaswamy Stadium, Bengaluru",2,Chennai Super Kings,Royal Challengers Bengaluru,1,1-15,8,8,100.0,9.94,-1.94,-24.2,-83.4,-71.43,-50.19,85.25,-14.75
PR Veer,1527684,2026-04-05,"M Chinnaswamy Stadium, Bengaluru",2,Chennai Super Kings,Royal Challengers Bengaluru,1,1-15,17,15,113.33,18.97,-1.97,-13.16,-70.07,-59.19,-36.65,96.62,-16.71
PR Veer,1527684,2026-04-05,"M Chinnaswamy Stadium, Bengaluru",2,Chennai Super Kings,Royal Challengers Bengaluru,2,16-30,26,14,185.71,22.59,3.41,24.38,2.31,13.19,17.85,158.33,-27.39
RD Gaikwad,1527684,2026-04-05,"M Chinnaswamy Stadium, Bengaluru",2,Chennai Super Kings,Royal Challengers Bengaluru,1,1-15,7,3,233.33,3.59,3.41,113.8,49.93,68.38,82.97,198.92,-34.41
S Dube,1527684,2026-04-05,"M Chinnaswamy Stadium, Bengaluru",2,Chennai Super Kings,Royal Challengers Bengaluru,1,1-15,18,13,138.46,15.77,2.23,17.12,-44.94,-31.63,-11.33,118.04,-20.42
SN Khan,1527684,2026-04-05,"M Chinnaswamy Stadium, Bengaluru",2,Chennai Super Kings,Royal Challengers Bengaluru,1,1-15,32,15,213.33,19.1,12.9,86.03,29.93,55.44,64.18,181.87,-31.46
SN Khan,1527684,2026-04-05,"M Chinnaswamy Stadium, Bengaluru",2,Chennai Super Kings,Royal Challengers Bengaluru,2,16-30,18,10,180.0,16.67,1.33,13.32,-3.4,22.11,12.19,153.45,-26.55
SV Samson,1527684,2026-04-05,"M Chinnaswamy Stadium, Bengaluru",2,Chennai Super Kings,Royal Challengers Bengaluru,1,1-15,9,5,180.0,5.69,3.31,66.19,-3.4,13.91,30.54,153.45,-26.55
A Raghuvanshi,1527685,2026-04-06,"Eden Gardens, Kolkata",1,Kolkata Knight Riders,Punjab Kings,1,1-15,7,7,100.0,7.84,-0.84,-11.96,-13.64,-20.0,-49.71,137.59,37.59
AM Rahane,1527685,2026-04-06,"Eden Gardens, Kolkata",1,Kolkata Knight Riders,Punjab Kings,1,1-15,8,6,133.33,6.94,1.06,17.72,19.7,27.08,-16.51,183.46,50.12
C Green,1527685,2026-04-06,"Eden Gardens, Kolkata",1,Kolkata Knight Riders,Punjab Kings,1,1-15,4,2,200.0,2.3,1.7,85.12,86.36,95.0,50.08,275.18,75.18
FH Allen,1527685,2026-04-06,"Eden Gardens, Kolkata",1,Kolkata Knight Riders,Punjab Kings,1,1-15,6,7,85.71,8.87,-2.87,-40.94,-27.92,-40.95,-63.31,117.94,32.22
Dhruv Jurel,1527686,2026-04-07,"Barsapara Cricket Stadium, Guwahati",1,Rajasthan Royals,Mumbai Indians,1,1-15,2,3,66.67,3.45,-1.45,-48.24,-127.27,-158.73,-82.71,53.75,-12.92
R Parag,1527686,2026-04-07,"Barsapara Cricket Stadium, Guwahati",1,Rajasthan Royals,Mumbai Indians,1,1-15,20,10,200.0,12.9,7.1,70.96,6.06,-21.43,50.17,161.24,-38.76
SO Hetmyer,1527686,2026-04-07,"Barsapara Cricket Stadium, Guwahati",1,Rajasthan Royals,Mumbai Indians,1,1-15,6,7,85.71,9.17,-3.17,-45.35,-108.23,-148.18,-63.95,69.1,-16.61
V Suryavanshi,1527686,2026-04-07,"Barsapara Cricket Stadium, Guwahati",1,Rajasthan Royals,Mumbai Indians,1,1-15,39,14,278.57,20.34,18.66,133.32,84.63,76.65,131.54,224.59,-53.99
YBK Jaiswal,1527686,2026-04-07,"Barsapara Cricket Stadium, Guwahati",1,Rajasthan Royals,Mumbai Indians,1,1-15,39,15,260.0,22.7,16.3,108.66,66.06,62.94,110.5,209.61,-50.39
YBK Jaiswal,1527686,2026-04-07,"Barsapara Cricket Stadium, Guwahati",1,Rajasthan Royals,Mumbai Indians,2,16-30,30,15,200.0,24.26,5.74,38.25,6.06,2.94,30.93,161.24,-38.76
YBK Jaiswal,1527686,2026-04-07,"Barsapara Cricket Stadium, Guwahati",1,Rajasthan Royals,Mumbai Indians,3,31-45,8,2,400.0,3.35,4.65,232.53,206.06,202.94,230.06,322.48,-77.52
DL Chahar,1527686,2026-04-07,"Barsapara Cricket Stadium, Guwahati",2,Mumbai Indians,Rajasthan Royals,1,1-15,6,5,120.0,5.67,0.33,6.55,-73.94,-53.77,-29.72,96.74,-23.26
HH Pandya,1527686,2026-04-07,"Barsapara Cricket Stadium, Guwahati",2,Mumbai Indians,Rajasthan Royals,1,1-15,9,6,150.0,6.33,2.67,44.48,-43.94,-21.67,0.56,120.93,-29.07
JJ Bumrah,1527686,2026-04-07,"Barsapara Cricket Stadium, Guwahati",2,Mumbai Indians,Rajasthan Royals,1,1-15,5,2,250.0,2.2,2.8,139.94,56.06,82.81,100.39,201.55,-48.45
Naman Dhir,1527686,2026-04-07,"Barsapara Cricket Stadium, Guwahati",2,Mumbai Indians,Rajasthan Royals,1,1-15,25,13,192.31,13.44,11.56,88.92,-1.63,28.16,42.9,155.04,-37.27
RD Rickelton,1527686,2026-04-07,"Barsapara Cricket Stadium, Guwahati",2,Mumbai Indians,Rajasthan Royals,1,1-15,8,4,200.0,4.71,3.29,82.16,6.06,32.26,50.77,161.24,-38.76
RG Sharma,1527686,2026-04-07,"Barsapara Cricket Stadium, Guwahati",2,Mumbai Indians,Rajasthan Royals,1,1-15,5,6,83.33,7.14,-2.14,-35.66,-110.61,-95.0,-66.16,67.18,-16.15
SA Yadav,1527686,2026-04-07,"Barsapara Cricket Stadium, Guwahati",2,Mumbai Indians,Rajasthan Royals,1,1-15,6,3,200.0,3.22,2.78,92.57,6.06,31.75,50.64,161.24,-38.76
SE Rutherford,1527686,2026-04-07,"Barsapara Cricket Stadium, Guwahati",2,Mumbai Indians,Rajasthan Royals,1,1-15,25,8,312.5,8.51,16.49,206.13,118.56,162.5,163.09,251.94,-60.56
SN Thakur,1527686,2026-04-07,"Barsapara Cricket Stadium, Guwahati",2,Mumbai Indians,Rajasthan Royals,1,1-15,8,7,114.29,7.95,0.05,0.73,-79.65,-61.99,-35.46,92.14,-22.15
TA Boult,1527686,2026-04-07,"Barsapara Cricket Stadium, Guwahati",2,Mumbai Indians,Rajasthan Royals,1,1-15,1,2,50.0,2.2,-1.2,-59.94,-143.94,-123.44,-99.73,40.31,-9.69
Tilak Varma,1527686,2026-04-07,"Barsapara Cricket Stadium, Guwahati",2,Mumbai Indians,Rajasthan Royals,1,1-15,14,10,140.0,11.27,2.73,27.29,-53.94,-35.0,-9.94,112.87,-27.13
B Sai Sudharsan,1527687,2026-04-08,"Arun Jaitley Stadium, Delhi",1,Gujarat Titans,Delhi Capitals,1,1-15,12,7,171.43,8.8,3.2,45.77,3.38,3.01,21.46,159.5,-11.93
GD Phillips,1527687,2026-04-08,"Arun Jaitley Stadium, Delhi",1,Gujarat Titans,Delhi Capitals,1,1-15,14,9,155.56,15.3,-1.3,-14.43,-12.49,-14.09,5.83,144.73,-10.83
JC Buttler,1527687,2026-04-08,"Arun Jaitley Stadium, Delhi",1,Gujarat Titans,Delhi Capitals,1,1-15,41,15,273.33,20.44,20.56,137.09,105.28,111.63,124.36,254.31,-19.02
JC Buttler,1527687,2026-04-08,"Arun Jaitley Stadium, Delhi",1,Gujarat Titans,Delhi Capitals,2,16-30,11,12,91.67,19.05,-8.05,-67.05,-76.38,-70.04,-77.31,85.29,-6.38
R Tewatia,1527687,2026-04-08,"Arun Jaitley Stadium, Delhi",1,Gujarat Titans,Delhi Capitals,1,1-15,1,1,100.0,1.6,-0.6,-60.05,-68.05,-69.17,-49.78,93.04,-6.96
Shubman Gill,1527687,2026-04-08,"Arun Jaitley Stadium, Delhi",1,Gujarat Titans,Delhi Capitals,1,1-15,16,15,106.67,19.4,-3.4,-22.69,-61.38,-69.65,-43.08,99.24,-7.42
Shubman Gill,1527687,2026-04-08,"Arun Jaitley Stadium, Delhi",1,Gujarat Titans,Delhi Capitals,2,16-30,28,15,186.67,22.48,5.52,36.82,18.62,10.35,18.12,173.68,-12.99
Shubman Gill,1527687,2026-04-08,"Arun Jaitley Stadium, Delhi",1,Gujarat Titans,Delhi Capitals,3,31-45,26,15,173.33,26.48,-0.48,-3.2,5.28,-2.98,-0.1,161.27,-12.06
Washington Sundar,1527687,2026-04-08,"Arun Jaitley Stadium, Delhi",1,Gujarat Titans,Delhi Capitals,1,1-15,31,15,206.67,19.88,11.12,74.12,38.62,39.25,57.21,192.28,-14.38
Washington Sundar,1527687,2026-04-08,"Arun Jaitley Stadium, Delhi",1,Gujarat Titans,Delhi Capitals,2,16-30,20,15,133.33,26.68,-6.68,-44.53,-34.72,-34.08,-35.31,124.05,-9.28
Washington Sundar,1527687,2026-04-08,"Arun Jaitley Stadium, Delhi",1,Gujarat Titans,Delhi Capitals,3,31-45,4,2,200.0,4.18,-0.18,-8.98,31.95,32.58,29.05,186.08,-13.92
AR Patel,1527687,2026-04-08,"Arun Jaitley Stadium, Delhi",2,Delhi Capitals,Gujarat Titans,1,1-15,2,3,66.67,3.67,-1.67,-55.55,-101.38,-103.42,-83.19,62.03,-4.64
DA Miller,1527687,2026-04-08,"Arun Jaitley Stadium, Delhi",2,Delhi Capitals,Gujarat Titans,1,1-15,28,15,186.67,21.26,6.74,44.96,18.62,26.67,36.81,173.68,-12.99
DA Miller,1527687,2026-04-08,"Arun Jaitley Stadium, Delhi",2,Delhi Capitals,Gujarat Titans,2,16-30,13,5,260.0,9.51,3.49,69.89,91.95,100.0,92.39,241.91,-18.09
KL Rahul,1527687,2026-04-08,"Arun Jaitley Stadium, Delhi",2,Delhi Capitals,Gujarat Titans,1,1-15,19,15,126.67,21.09,-2.09,-13.93,-41.38,-33.63,-23.17,117.85,-8.82
KL Rahul,1527687,2026-04-08,"Arun Jaitley Stadium, Delhi",2,Delhi Capitals,Gujarat Titans,2,16-30,40,15,266.67,22.54,17.46,116.38,98.62,106.37,99.83,248.11,-18.56
KL Rahul,1527687,2026-04-08,"Arun Jaitley Stadium, Delhi",2,Delhi Capitals,Gujarat Titans,3,31-45,23,15,153.33,22.51,0.49,3.24,-14.72,-6.96,-18.55,142.66,-10.67
KL Rahul,1527687,2026-04-08,"Arun Jaitley Stadium, Delhi",2,Delhi Capitals,Gujarat Titans,4,46-60,10,7,142.86,11.5,-1.5,-21.41,-25.19,-17.44,-90.48,132.92,-9.94
Kuldeep Yadav,1527687,2026-04-08,"Arun Jaitley Stadium, Delhi",2,Delhi Capitals,Gujarat Titans,1,1-15,1,1,100.0,1.36,-0.36,-36.34,-68.05,-68.07,-49.89,93.04,-6.96
N Rana,1527687,2026-04-08,"Arun Jaitley Stadium, Delhi",2,Delhi Capitals,Gujarat Titans,1,1-15,5,6,83.33,7.16,-2.16,-35.94,-84.72,-88.6,-66.84,77.53,-5.8
P Nissanka,1527687,2026-04-08,"Arun Jaitley Stadium, Delhi",2,Delhi Capitals,Gujarat Titans,1,1-15,31,15,206.67,20.76,10.24,68.25,38.62,40.0,57.16,192.28,-14.38
P Nissanka,1527687,2026-04-08,"Arun Jaitley Stadium, Delhi",2,Delhi Capitals,Gujarat Titans,2,16-30,10,9,111.11,12.58,-2.58,-28.65,-56.94,-55.56,-57.68,103.38,-7.73
Sameer Rizvi,1527687,2026-04-08,"Arun Jaitley Stadium, Delhi",2,Delhi Capitals,Gujarat Titans,1,1-15,0,1,0.0,1.11,-1.11,-110.62,-168.05,-168.91,-150.72,0.0,0.0
T Stubbs,1527687,2026-04-08,"Arun Jaitley Stadium, Delhi",2,Delhi Capitals,Gujarat Titans,1,1-15,7,6,116.67,8.08,-1.08,-17.96,-51.38,-53.51,-33.29,108.55,-8.12
V Nigam,1527687,2026-04-08,"Arun Jaitley Stadium, Delhi",2,Delhi Capitals,Gujarat Titans,1,1-15,12,7,171.43,10.26,1.74,24.86,3.38,4.17,21.81,159.5,-11.93
A Raghuvanshi,1527688,2026-04-09,"Eden Gardens, Kolkata",1,Kolkata Knight Riders,Lucknow Super Giants,1,1-15,20,15,133.33,20.31,-0.31,-2.05,-8.58,-10.34,-16.38,146.91,13.57
A Raghuvanshi,1527688,2026-04-09,"Eden Gardens, Kolkata",1,Kolkata Knight Riders,Lucknow Super Giants,2,16-30,23,15,153.33,20.92,2.08,13.9,11.42,9.66,-14.56,168.94,15.61
A Raghuvanshi,1527688,2026-04-09,"Eden Gardens, Kolkata",1,Kolkata Knight Riders,Lucknow Super Giants,3,31-45,2,3,66.67,4.29,-2.29,-76.44,-75.24,-77.01,-105.32,73.45,6.79
AM Rahane,1527688,2026-04-09,"Eden Gardens, Kolkata",1,Kolkata Knight Riders,Lucknow Super Giants,1,1-15,25,15,166.67,19.5,5.5,36.68,24.76,32.29,16.83,183.63,16.97
AM Rahane,1527688,2026-04-09,"Eden Gardens, Kolkata",1,Kolkata Knight Riders,Lucknow Super Giants,2,16-30,16,9,177.78,12.48,3.52,39.06,35.87,43.4,10.21,195.87,18.1
C Green,1527688,2026-04-09,"Eden Gardens, Kolkata",1,Kolkata Knight Riders,Lucknow Super Giants,1,1-15,13,15,86.67,19.68,-6.68,-44.56,-55.24,-57.08,-63.25,95.49,8.82
C Green,1527688,2026-04-09,"Eden Gardens, Kolkata",1,Kolkata Knight Riders,Lucknow Super Giants,2,16-30,19,9,211.11,16.88,2.12,23.61,69.2,67.36,43.36,232.6,21.49
FH Allen,1527688,2026-04-09,"Eden Gardens, Kolkata",1,Kolkata Knight Riders,Lucknow Super Giants,1,1-15,9,8,112.5,10.05,-1.05,-13.17,-29.41,-31.25,-36.53,123.95,11.45
R Powell,1527688,2026-04-09,"Eden Gardens, Kolkata",1,Kolkata Knight Riders,Lucknow Super Giants,1,1-15,27,15,180.0,20.72,6.28,41.89,38.09,43.54,30.43,198.32,18.32
R Powell,1527688,2026-04-09,"Eden Gardens, Kolkata",1,Kolkata Knight Riders,Lucknow Super Giants,2,16-30,12,9,133.33,17.34,-5.34,-59.35,-8.58,-3.12,-35.14,146.91,13.57
RK Singh,1527688,2026-04-09,"Eden Gardens, Kolkata",1,Kolkata Knight Riders,Lucknow Super Giants,1,1-15,4,7,57.14,8.34,-4.34,-61.94,-84.77,-89.76,-93.14,62.96,5.82
A Badoni,1527688,2026-04-09,"Eden Gardens, Kolkata",2,Lucknow Super Giants,Kolkata Knight Riders,1,1-15,22,15,146.67,18.29,3.71,24.74,4.76,11.03,-3.44,161.6,14.93
A Badoni,1527688,2026-04-09,"Eden Gardens, Kolkata",2,Lucknow Super Giants,Kolkata Knight Riders,2,16-30,26,15,173.33,20.51,5.49,36.58,31.42,37.7,5.33,190.98,17.64
A Badoni,1527688,2026-04-09,"Eden Gardens, Kolkata",2,Lucknow Super Giants,Kolkata Knight Riders,3,31-45,6,4,150.0,5.88,0.12,2.97,8.09,14.37,-21.35,165.27,15.27
AK Markram,1527688,2026-04-09,"Eden Gardens, Kolkata",2,Lucknow Super Giants,Kolkata Knight Riders,1,1-15,22,15,146.67,21.35,0.65,4.33,4.76,5.16,-3.08,161.6,14.93
Abdul Samad,1527688,2026-04-09,"Eden Gardens, Kolkata",2,Lucknow Super Giants,Kolkata Knight Riders,1,1-15,2,4,50.0,4.18,-2.18,-54.49,-91.91,-95.3,-100.3,55.09,5.09
Avesh Khan,1527688,2026-04-09,"Eden Gardens, Kolkata",2,Lucknow Super Giants,Kolkata Knight Riders,1,1-15,1,3,33.33,3.47,-2.47,-82.23,-108.58,-111.58,-116.37,36.73,3.39
MD Choudhary,1527688,2026-04-09,"Eden Gardens, Kolkata",2,Lucknow Super Giants,Kolkata Knight Riders,1,1-15,25,15,166.67,18.53,6.47,43.14,24.76,41.13,16.73,183.63,16.97
MD Choudhary,1527688,2026-04-09,"Eden Gardens, Kolkata",2,Lucknow Super Giants,Kolkata Knight Riders,2,16-30,29,12,241.67,20.42,8.58,71.5,99.76,116.13,74.33,266.27,24.6
MR Marsh,1527688,2026-04-09,"Eden Gardens, Kolkata",2,Lucknow Super Giants,Kolkata Knight Riders,1,1-15,15,11,136.36,14.66,0.34,3.07,-5.55,-6.36,-13.43,150.24,13.88
Mohammed Shami,1527688,2026-04-09,"Eden Gardens, Kolkata",2,Lucknow Super Giants,Kolkata Knight Riders,1,1-15,1,3,33.33,3.11,-2.11,-70.44,-108.58,-111.58,-116.37,36.73,3.39
N Pooran,1527688,2026-04-09,"Eden Gardens, Kolkata",2,Lucknow Super Giants,Kolkata Knight Riders,1,1-15,13,15,86.67,17.96,-4.96,-33.06,-55.24,-63.33,-63.92,95.49,8.82
RR Pant,1527688,2026-04-09,"Eden Gardens, Kolkata",2,Lucknow Super Giants,Kolkata Knight Riders,1,1-15,10,9,111.11,10.02,-0.02,-0.27,-30.8,-33.53,-39.06,122.42,11.31
B Kumar,1527689,2026-04-10,"Barsapara Cricket Stadium, Guwahati",1,Royal Challengers Bengaluru,Rajasthan Royals,1,1-15,9,7,128.57,8.56,0.44,6.28,-41.17,-29.84,-21.15,118.43,-10.14
D Padikkal,1527689,2026-04-10,"Barsapara Cricket Stadium, Guwahati",1,Royal Challengers Bengaluru,Rajasthan Royals,1,1-15,14,7,200.0,7.97,6.03,86.15,30.26,46.02,50.76,184.23,-15.77
JM Sharma,1527689,2026-04-10,"Barsapara Cricket Stadium, Guwahati",1,Royal Challengers Bengaluru,Rajasthan Royals,1,1-15,5,8,62.5,8.35,-3.35,-41.82,-107.24,-100.89,-87.55,57.57,-4.93
KH Pandya,1527689,2026-04-10,"Barsapara Cricket Stadium, Guwahati",1,Royal Challengers Bengaluru,Rajasthan Royals,1,1-15,1,6,16.67,6.24,-5.24,-87.26,-153.07,-147.37,-133.25,15.35,-1.31
PD Salt,1527689,2026-04-10,"Barsapara Cricket Stadium, Guwahati",1,Royal Challengers Bengaluru,Rajasthan Royals,1,1-15,0,1,0.0,1.03,-1.03,-102.59,-169.74,-157.98,-149.51,0.0,0.0
R Shepherd,1527689,2026-04-10,"Barsapara Cricket Stadium, Guwahati",1,Royal Challengers Bengaluru,Rajasthan Royals,1,1-15,22,11,200.0,12.46,9.54,86.7,30.26,47.71,50.47,184.23,-15.77
RM Patidar,1527689,2026-04-10,"Barsapara Cricket Stadium, Guwahati",1,Royal Challengers Bengaluru,Rajasthan Royals,1,1-15,15,15,100.0,17.05,-2.05,-13.69,-69.74,-56.25,-48.11,92.12,-7.88
RM Patidar,1527689,2026-04-10,"Barsapara Cricket Stadium, Guwahati",1,Royal Challengers Bengaluru,Rajasthan Royals,2,16-30,25,15,166.67,21.16,3.84,25.61,-3.07,10.42,-1.6,153.53,-13.14
RM Patidar,1527689,2026-04-10,"Barsapara Cricket Stadium, Guwahati",1,Royal Challengers Bengaluru,Rajasthan Royals,3,31-45,23,10,230.0,16.3,6.7,66.99,60.26,73.75,60.57,211.87,-18.13
TH David,1527689,2026-04-10,"Barsapara Cricket Stadium, Guwahati",1,Royal Challengers Bengaluru,Rajasthan Royals,1,1-15,13,9,144.44,9.83,3.17,35.22,-25.29,-13.21,-4.85,133.06,-11.39
V Kohli,1527689,2026-04-10,"Barsapara Cricket Stadium, Guwahati",1,Royal Challengers Bengaluru,Rajasthan Royals,1,1-15,32,15,213.33,19.33,12.67,84.49,43.6,63.33,64.18,196.51,-16.82
V Kohli,1527689,2026-04-10,"Barsapara Cricket Stadium, Guwahati",1,Royal Challengers Bengaluru,Rajasthan Royals,2,16-30,0,1,0.0,1.57,-1.57,-156.6,-169.74,-150.0,-169.44,0.0,0.0
VR Iyer,1527689,2026-04-10,"Barsapara Cricket Stadium, Guwahati",1,Royal Challengers Bengaluru,Rajasthan Royals,1,1-15,29,15,193.33,20.68,8.32,55.47,23.6,41.9,43.87,178.09,-15.24
Dhruv Jurel,1527689,2026-04-10,"Barsapara Cricket Stadium, Guwahati",2,Rajasthan Royals,Royal Challengers Bengaluru,1,1-15,38,15,253.33,20.45,17.55,117.03,83.6,71.79,103.95,233.36,-19.97
Dhruv Jurel,1527689,2026-04-10,"Barsapara Cricket Stadium, Guwahati",2,Rajasthan Royals,Royal Challengers Bengaluru,2,16-30,23,15,153.33,25.39,-2.39,-15.93,-16.4,-28.21,-14.26,141.24,-12.09
Dhruv Jurel,1527689,2026-04-10,"Barsapara Cricket Stadium, Guwahati",2,Rajasthan Royals,Royal Challengers Bengaluru,3,31-45,20,13,153.85,23.77,-3.77,-28.99,-15.89,-27.69,-16.6,141.72,-12.13
R Parag,1527689,2026-04-10,"Barsapara Cricket Stadium, Guwahati",2,Rajasthan Royals,Royal Challengers Bengaluru,1,1-15,3,5,60.0,6.61,-3.61,-72.28,-109.74,-130.29,-89.83,55.27,-4.73
RA Jadeja,1527689,2026-04-10,"Barsapara Cricket Stadium, Guwahati",2,Rajasthan Royals,Royal Challengers Bengaluru,1,1-15,15,15,100.0,21.98,-6.98,-46.55,-69.74,-110.84,-50.06,92.12,-7.88
RA Jadeja,1527689,2026-04-10,"Barsapara Cricket Stadium, Guwahati",2,Rajasthan Royals,Royal Challengers Bengaluru,2,16-30,9,10,90.0,17.96,-8.96,-89.6,-79.74,-120.84,-78.91,82.9,-7.1
SO Hetmyer,1527689,2026-04-10,"Barsapara Cricket Stadium, Guwahati",2,Rajasthan Royals,Royal Challengers Bengaluru,1,1-15,0,1,0.0,1.23,-1.23,-123.15,-169.74,-185.98,-149.67,0.0,0.0
V Suryavanshi,1527689,2026-04-10,"Barsapara Cricket Stadium, Guwahati",2,Rajasthan Royals,Royal Challengers Bengaluru,1,1-15,53,15,353.33,20.41,32.59,217.29,183.6,205.77,206.3,325.48,-27.86
V Suryavanshi,1527689,2026-04-10,"Barsapara Cricket Stadium, Guwahati",2,Rajasthan Royals,Royal Challengers Bengaluru,2,16-30,25,11,227.27,18.84,6.16,56.02,57.54,79.71,59.3,209.35,-17.92
YBK Jaiswal,1527689,2026-04-10,"Barsapara Cricket Stadium, Guwahati",2,Rajasthan Royals,Royal Challengers Bengaluru,1,1-15,13,8,162.5,10.02,2.98,37.31,-7.24,-23.5,13.0,149.69,-12.81
Abhishek Sharma,1527690,2026-04-11,"Maharaja Yadavindra Singh International Cricket Stadium, New Chandigarh",1,Sunrisers Hyderabad,Punjab Kings,1,1-15,41,15,273.33,21.79,19.21,128.06,92.14,131.4,124.35,235.86,-37.47
Abhishek Sharma,1527690,2026-04-11,"Maharaja Yadavindra Singh International Cricket Stadium, New Chandigarh",1,Sunrisers Hyderabad,Punjab Kings,2,16-30,33,13,253.85,23.54,9.46,72.77,72.65,111.91,86.96,219.04,-34.8
Aniket Verma,1527690,2026-04-11,"Maharaja Yadavindra Singh International Cricket Stadium, New Chandigarh",1,Sunrisers Hyderabad,Punjab Kings,1,1-15,18,9,200.0,13.88,4.12,45.8,18.8,32.14,50.56,172.58,-27.42
H Klaasen,1527690,2026-04-11,"Maharaja Yadavindra Singh International Cricket Stadium, New Chandigarh",1,Sunrisers Hyderabad,Punjab Kings,1,1-15,16,15,106.67,21.69,-5.69,-37.91,-74.53,-83.11,-43.43,92.04,-14.62
H Klaasen,1527690,2026-04-11,"Maharaja Yadavindra Singh International Cricket Stadium, New Chandigarh",1,Sunrisers Hyderabad,Punjab Kings,2,16-30,21,15,140.0,27.92,-6.92,-46.12,-41.2,-49.77,-28.76,120.81,-19.19
H Klaasen,1527690,2026-04-11,"Maharaja Yadavindra Singh International Cricket Stadium, New Chandigarh",1,Sunrisers Hyderabad,Punjab Kings,3,31-45,2,3,66.67,6.27,-4.27,-142.39,-114.53,-123.11,-106.06,57.53,-9.14
Harsh Dubey,1527690,2026-04-11,"Maharaja Yadavindra Singh International Cricket Stadium, New Chandigarh",1,Sunrisers Hyderabad,Punjab Kings,1,1-15,1,2,50.0,3.11,-2.11,-105.28,-131.2,-122.27,-99.68,43.14,-6.86
Ishan Kishan,1527690,2026-04-11,"Maharaja Yadavindra Singh International Cricket Stadium, New Chandigarh",1,Sunrisers Hyderabad,Punjab Kings,1,1-15,26,15,173.33,21.8,4.2,28.02,-7.86,1.22,23.86,149.57,-23.76
Ishan Kishan,1527690,2026-04-11,"Maharaja Yadavindra Singh International Cricket Stadium, New Chandigarh",1,Sunrisers Hyderabad,Punjab Kings,2,16-30,1,2,50.0,3.44,-2.44,-122.21,-131.2,-122.12,-117.63,43.14,-6.86
Nithish Kumar Reddy,1527690,2026-04-11,"Maharaja Yadavindra Singh International Cricket Stadium, New Chandigarh",1,Sunrisers Hyderabad,Punjab Kings,1,1-15,0,1,0.0,1.53,-1.53,-153.38,-181.2,-171.67,-150.11,0.0,0.0
S Arora,1527690,2026-04-11,"Maharaja Yadavindra Singh International Cricket Stadium, New Chandigarh",1,Sunrisers Hyderabad,Punjab Kings,1,1-15,9,8,112.5,13.13,-4.13,-51.64,-68.7,-61.84,-37.17,97.08,-15.42
TM Head,1527690,2026-04-11,"Maharaja Yadavindra Singh International Cricket Stadium, New Chandigarh",1,Sunrisers Hyderabad,Punjab Kings,1,1-15,31,15,206.67,21.68,9.32,62.12,25.47,35.24,57.2,178.33,-28.33
TM Head,1527690,2026-04-11,"Maharaja Yadavindra Singh International Cricket Stadium, New Chandigarh",1,Sunrisers Hyderabad,Punjab Kings,2,16-30,7,8,87.5,13.47,-6.47,-80.9,-93.7,-83.93,-81.2,75.5,-12.0
C Connolly,1527690,2026-04-11,"Maharaja Yadavindra Singh International Cricket Stadium, New Chandigarh",2,Punjab Kings,Sunrisers Hyderabad,1,1-15,11,12,91.67,16.1,-5.1,-42.48,-89.53,-113.28,-58.19,79.1,-12.57
N Wadhera,1527690,2026-04-11,"Maharaja Yadavindra Singh International Cricket Stadium, New Chandigarh",2,Punjab Kings,Sunrisers Hyderabad,1,1-15,14,14,100.0,20.81,-6.81,-48.65,-81.2,-106.06,-50.19,86.29,-13.71
P Simran Singh,1527690,2026-04-11,"Maharaja Yadavindra Singh International Cricket Stadium, New Chandigarh",2,Punjab Kings,Sunrisers Hyderabad,1,1-15,36,15,240.0,21.13,14.87,99.15,58.8,50.23,90.8,207.1,-32.9
P Simran Singh,1527690,2026-04-11,"Maharaja Yadavindra Singh International Cricket Stadium, New Chandigarh",2,Punjab Kings,Sunrisers Hyderabad,2,16-30,15,10,150.0,16.46,-1.46,-14.64,-31.2,-39.77,-19.27,129.43,-20.57
Priyansh Arya,1527690,2026-04-11,"Maharaja Yadavindra Singh International Cricket Stadium, New Chandigarh",2,Punjab Kings,Sunrisers Hyderabad,1,1-15,46,15,306.67,21.35,24.65,164.3,125.47,133.55,158.3,264.62,-42.04
Priyansh Arya,1527690,2026-04-11,"Maharaja Yadavindra Singh International Cricket Stadium, New Chandigarh",2,Punjab Kings,Sunrisers Hyderabad,2,16-30,11,5,220.0,8.74,2.26,45.16,38.8,46.88,52.15,189.84,-30.16
SS Iyer,1527690,2026-04-11,"Maharaja Yadavindra Singh International Cricket Stadium, New Chandigarh",2,Punjab Kings,Sunrisers Hyderabad,1,1-15,24,15,160.0,21.68,2.32,15.45,-21.2,-26.25,10.51,138.06,-21.94
SS Iyer,1527690,2026-04-11,"Maharaja Yadavindra Singh International Cricket Stadium, New Chandigarh",2,Punjab Kings,Sunrisers Hyderabad,2,16-30,42,15,280.0,27.32,14.68,97.84,98.8,93.75,113.47,241.61,-38.39
SS Iyer,1527690,2026-04-11,"Maharaja Yadavindra Singh International Cricket Stadium, New Chandigarh",2,Punjab Kings,Sunrisers Hyderabad,3,31-45,3,3,100.0,6.08,-3.08,-102.52,-81.2,-86.25,-71.71,86.29,-13.71
Shashank Singh,1527690,2026-04-11,"Maharaja Yadavindra Singh International Cricket Stadium, New Chandigarh",2,Punjab Kings,Sunrisers Hyderabad,1,1-15,16,9,177.78,14.86,1.14,12.64,-3.42,-16.45,28.24,153.4,-24.37
A Mhatre,1527691,2026-04-11,"MA Chidambaram Stadium, Chepauk, Chennai",1,Chennai Super Kings,Delhi Capitals,1,1-15,24,15,160.0,18.79,5.21,34.74,2.39,-18.57,10.73,158.72,-1.28
A Mhatre,1527691,2026-04-11,"MA Chidambaram Stadium, Chepauk, Chennai",1,Chennai Super Kings,Delhi Capitals,2,16-30,30,15,200.0,23.86,6.14,40.92,42.39,21.43,32.88,198.4,-1.6
A Mhatre,1527691,2026-04-11,"MA Chidambaram Stadium, Chepauk, Chennai",1,Chennai Super Kings,Delhi Capitals,3,31-45,5,6,83.33,11.04,-6.04,-100.64,-74.28,-95.24,-91.45,82.67,-0.67
RD Gaikwad,1527691,2026-04-11,"MA Chidambaram Stadium, Chepauk, Chennai",1,Chennai Super Kings,Delhi Capitals,1,1-15,13,15,86.67,21.34,-8.34,-55.62,-70.95,-103.53,-63.7,85.97,-0.69
RD Gaikwad,1527691,2026-04-11,"MA Chidambaram Stadium, Chepauk, Chennai",1,Chennai Super Kings,Delhi Capitals,2,16-30,2,3,66.67,4.78,-2.78,-92.69,-90.95,-123.53,-101.97,66.13,-0.53
S Dube,1527691,2026-04-11,"MA Chidambaram Stadium, Chepauk, Chennai",1,Chennai Super Kings,Delhi Capitals,1,1-15,20,10,200.0,17.67,2.33,23.31,42.39,28.18,50.21,198.4,-1.6
SV Samson,1527691,2026-04-11,"MA Chidambaram Stadium, Chepauk, Chennai",1,Chennai Super Kings,Delhi Capitals,1,1-15,35,15,233.33,21.13,13.87,92.44,75.72,86.46,83.88,231.47,-1.86
SV Samson,1527691,2026-04-11,"MA Chidambaram Stadium, Chepauk, Chennai",1,Chennai Super Kings,Delhi Capitals,2,16-30,21,15,140.0,21.91,-0.91,-6.04,-17.61,-6.88,-28.95,138.88,-1.12
SV Samson,1527691,2026-04-11,"MA Chidambaram Stadium, Chepauk, Chennai",1,Chennai Super Kings,Delhi Capitals,3,31-45,35,15,233.33,23.61,11.39,75.92,75.72,86.46,65.69,231.47,-1.86
SV Samson,1527691,2026-04-11,"MA Chidambaram Stadium, Chepauk, Chennai",1,Chennai Super Kings,Delhi Capitals,4,46-60,24,11,218.18,20.68,3.32,30.15,60.57,71.31,8.18,216.44,-1.74
AR Patel,1527691,2026-04-11,"MA Chidambaram Stadium, Chepauk, Chennai",2,Delhi Capitals,Chennai Super Kings,1,1-15,1,2,50.0,2.02,-1.02,-50.85,-107.61,-92.98,-99.86,49.6,-0.4
Ashutosh Sharma,1527691,2026-04-11,"MA Chidambaram Stadium, Chepauk, Chennai",2,Delhi Capitals,Chennai Super Kings,1,1-15,19,10,190.0,13.12,5.88,58.8,32.39,52.83,40.46,188.48,-1.52
Auqib Nabi,1527691,2026-04-11,"MA Chidambaram Stadium, Chepauk, Chennai",2,Delhi Capitals,Chennai Super Kings,1,1-15,4,2,200.0,2.35,1.65,82.31,42.39,59.5,50.36,198.4,-1.6
DA Miller,1527691,2026-04-11,"MA Chidambaram Stadium, Chepauk, Chennai",2,Delhi Capitals,Chennai Super Kings,1,1-15,17,14,121.43,16.83,0.17,1.23,-36.18,-22.61,-28.43,120.46,-0.97
KL Rahul,1527691,2026-04-11,"MA Chidambaram Stadium, Chepauk, Chennai",2,Delhi Capitals,Chennai Super Kings,1,1-15,18,10,180.0,13.13,4.87,48.74,22.39,41.95,30.16,178.56,-1.44
Kuldeep Yadav,1527691,2026-04-11,"MA Chidambaram Stadium, Chepauk, Chennai",2,Delhi Capitals,Chennai Super Kings,1,1-15,4,7,57.14,8.88,-4.88,-69.7,-100.47,-89.41,-92.75,56.69,-0.46
L Ngidi,1527691,2026-04-11,"MA Chidambaram Stadium, Chepauk, Chennai",2,Delhi Capitals,Chennai Super Kings,1,1-15,3,5,60.0,6.2,-3.2,-64.0,-97.61,-84.92,-89.81,59.52,-0.48
P Nissanka,1527691,2026-04-11,"MA Chidambaram Stadium, Chepauk, Chennai",2,Delhi Capitals,Chennai Super Kings,1,1-15,27,15,180.0,21.65,5.35,35.65,22.39,45.66,30.5,178.56,-1.44
P Nissanka,1527691,2026-04-11,"MA Chidambaram Stadium, Chepauk, Chennai",2,Delhi Capitals,Chennai Super Kings,2,16-30,14,9,155.56,16.19,-2.19,-24.36,-2.06,21.21,-13.23,154.31,-1.24
Sameer Rizvi,1527691,2026-04-11,"MA Chidambaram Stadium, Chepauk, Chennai",2,Delhi Capitals,Chennai Super Kings,1,1-15,6,9,66.67,10.03,-4.03,-44.76,-90.95,-80.7,-84.05,66.13,-0.53
T Natarajan,1527691,2026-04-11,"MA Chidambaram Stadium, Chepauk, Chennai",2,Delhi Capitals,Chennai Super Kings,1,1-15,1,2,50.0,2.32,-1.32,-66.09,-107.61,-92.98,-99.73,49.6,-0.4
T Stubbs,1527691,2026-04-11,"MA Chidambaram Stadium, Chepauk, Chennai",2,Delhi Capitals,Chennai Super Kings,1,1-15,22,15,146.67,18.06,3.94,26.28,-10.95,12.55,-3.29,145.5,-1.17
T Stubbs,1527691,2026-04-11,"MA Chidambaram Stadium, Chepauk, Chennai",2,Delhi Capitals,Chennai Super Kings,2,16-30,28,15,186.67,23.65,4.35,28.97,29.05,52.55,18.31,185.18,-1.49
T Stubbs,1527691,2026-04-11,"MA Chidambaram Stadium, Chepauk, Chennai",2,Delhi Capitals,Chennai Super Kings,3,31-45,10,8,125.0,14.35,-4.35,-54.36,-32.61,-9.12,-47.86,124.0,-1.0
A Badoni,1527692,2026-04-12,"Bharat Ratna Shri Atal Bihari Vajpayee Ekana Cricket Stadium, Lucknow",1,Lucknow Super Giants,Gujarat Titans,1,1-15,9,11,81.82,12.66,-3.66,-33.32,-54.82,-52.13,-68.29,93.62,11.81
AK Markram,1527692,2026-04-12,"Bharat Ratna Shri Atal Bihari Vajpayee Ekana Cricket Stadium, Lucknow",1,Lucknow Super Giants,Gujarat Titans,1,1-15,22,15,146.67,19.91,2.09,13.94,10.03,20.4,-3.08,167.83,21.16
AK Markram,1527692,2026-04-12,"Bharat Ratna Shri Atal Bihari Vajpayee Ekana Cricket Stadium, Lucknow",1,Lucknow Super Giants,Gujarat Titans,2,16-30,8,6,133.33,8.22,-0.22,-3.66,-3.3,7.07,-34.67,152.57,19.24
Abdul Samad,1527692,2026-04-12,"Bharat Ratna Shri Atal Bihari Vajpayee Ekana Cricket Stadium, Lucknow",1,Lucknow Super Giants,Gujarat Titans,1,1-15,13,15,86.67,17.11,-4.11,-27.39,-49.97,-53.13,-63.64,99.17,12.51
Abdul Samad,1527692,2026-04-12,"Bharat Ratna Shri Atal Bihari Vajpayee Ekana Cricket Stadium, Lucknow",1,Lucknow Super Giants,Gujarat Titans,2,16-30,5,7,71.43,9.62,-4.62,-65.94,-65.21,-68.37,-97.11,81.74,10.31
Avesh Khan,1527692,2026-04-12,"Bharat Ratna Shri Atal Bihari Vajpayee Ekana Cricket Stadium, Lucknow",1,Lucknow Super Giants,Gujarat Titans,1,1-15,4,1,400.0,1.12,2.88,288.09,263.36,273.11,250.3,457.72,57.72
GF Linde,1527692,2026-04-12,"Bharat Ratna Shri Atal Bihari Vajpayee Ekana Cricket Stadium, Lucknow",1,Lucknow Super Giants,Gujarat Titans,1,1-15,16,10,160.0,12.67,3.33,33.33,23.36,33.64,10.36,183.09,23.09
MD Choudhary,1527692,2026-04-12,"Bharat Ratna Shri Atal Bihari Vajpayee Ekana Cricket Stadium, Lucknow",1,Lucknow Super Giants,Gujarat Titans,1,1-15,18,14,128.57,17.93,0.07,0.5,-8.07,-0.67,-21.36,147.12,18.55
MR Marsh,1527692,2026-04-12,"Bharat Ratna Shri Atal Bihari Vajpayee Ekana Cricket Stadium, Lucknow",1,Lucknow Super Giants,Gujarat Titans,1,1-15,11,4,275.0,4.84,6.16,153.97,138.36,150.86,125.21,314.68,39.68
Mohammed Shami,1527692,2026-04-12,"Bharat Ratna Shri Atal Bihari Vajpayee Ekana Cricket Stadium, Lucknow",1,Lucknow Super Giants,Gujarat Titans,1,1-15,12,5,240.0,6.0,6.0,120.01,103.36,115.65,90.3,274.63,34.63
N Pooran,1527692,2026-04-12,"Bharat Ratna Shri Atal Bihari Vajpayee Ekana Cricket Stadium, Lucknow",1,Lucknow Super Giants,Gujarat Titans,1,1-15,12,15,80.0,17.1,-5.1,-33.99,-56.64,-57.37,-70.59,91.54,11.54
N Pooran,1527692,2026-04-12,"Bharat Ratna Shri Atal Bihari Vajpayee Ekana Cricket Stadium, Lucknow",1,Lucknow Super Giants,Gujarat Titans,2,16-30,7,6,116.67,8.29,-1.29,-21.45,-19.97,-20.71,-51.66,133.5,16.83
RR Pant,1527692,2026-04-12,"Bharat Ratna Shri Atal Bihari Vajpayee Ekana Cricket Stadium, Lucknow",1,Lucknow Super Giants,Gujarat Titans,1,1-15,18,11,163.64,14.03,3.97,36.1,27.0,37.95,13.46,187.25,23.61
B Sai Sudharsan,1527692,2026-04-12,"Bharat Ratna Shri Atal Bihari Vajpayee Ekana Cricket Stadium, Lucknow",2,Gujarat Titans,Lucknow Super Giants,1,1-15,15,14,107.14,19.06,-4.06,-29.0,-29.5,-42.86,-42.83,122.6,15.46
JC Buttler,1527692,2026-04-12,"Bharat Ratna Shri Atal Bihari Vajpayee Ekana Cricket Stadium, Lucknow",2,Gujarat Titans,Lucknow Super Giants,1,1-15,22,15,146.67,18.62,3.38,22.55,10.03,10.67,-2.31,167.83,21.16
JC Buttler,1527692,2026-04-12,"Bharat Ratna Shri Atal Bihari Vajpayee Ekana Cricket Stadium, Lucknow",2,Gujarat Titans,Lucknow Super Giants,2,16-30,32,15,213.33,22.1,9.9,66.01,76.7,77.33,44.36,244.12,30.78
JC Buttler,1527692,2026-04-12,"Bharat Ratna Shri Atal Bihari Vajpayee Ekana Cricket Stadium, Lucknow",2,Gujarat Titans,Lucknow Super Giants,3,31-45,6,7,85.71,11.07,-5.07,-72.43,-50.92,-50.29,-88.57,98.08,12.37
R Tewatia,1527692,2026-04-12,"Bharat Ratna Shri Atal Bihari Vajpayee Ekana Cricket Stadium, Lucknow",2,Gujarat Titans,Lucknow Super Giants,1,1-15,10,8,125.0,12.18,-2.18,-27.3,-11.64,-21.15,-24.78,143.04,18.04
Shubman Gill,1527692,2026-04-12,"Bharat Ratna Shri Atal Bihari Vajpayee Ekana Cricket Stadium, Lucknow",2,Gujarat Titans,Lucknow Super Giants,1,1-15,22,15,146.67,20.93,1.07,7.14,10.03,-0.56,-3.08,167.83,21.16
Shubman Gill,1527692,2026-04-12,"Bharat Ratna Shri Atal Bihari Vajpayee Ekana Cricket Stadium, Lucknow",2,Gujarat Titans,Lucknow Super Giants,2,16-30,25,15,166.67,21.38,3.62,24.16,30.03,19.44,-1.88,190.72,24.05
Shubman Gill,1527692,2026-04-12,"Bharat Ratna Shri Atal Bihari Vajpayee Ekana Cricket Stadium, Lucknow",2,Gujarat Titans,Lucknow Super Giants,3,31-45,9,10,90.0,14.98,-5.98,-59.82,-46.64,-57.22,-83.43,102.99,12.99
Washington Sundar,1527692,2026-04-12,"Bharat Ratna Shri Atal Bihari Vajpayee Ekana Cricket Stadium, Lucknow",2,Gujarat Titans,Lucknow Super Giants,1,1-15,21,13,161.54,20.77,0.23,1.8,24.9,19.11,12.08,184.85,23.31
JM Sharma,1527693,2026-04-12,"Wankhede Stadium, Mumbai",1,Royal Challengers Bengaluru,Mumbai Indians,1,1-15,10,9,111.11,15.03,-5.03,-55.86,-69.47,-82.64,-38.94,96.21,-14.91
PD Salt,1527693,2026-04-12,"Wankhede Stadium, Mumbai",1,Royal Challengers Bengaluru,Mumbai Indians,1,1-15,34,15,226.67,20.85,13.15,87.64,46.09,51.37,77.16,196.26,-30.41
PD Salt,1527693,2026-04-12,"Wankhede Stadium, Mumbai",1,Royal Challengers Bengaluru,Mumbai Indians,2,16-30,35,15,233.33,23.95,11.05,73.68,52.75,58.04,66.16,202.03,-31.3
PD Salt,1527693,2026-04-12,"Wankhede Stadium, Mumbai",1,Royal Challengers Bengaluru,Mumbai Indians,3,31-45,9,6,150.0,9.51,-0.51,-8.51,-30.58,-25.29,-21.47,129.88,-20.12
R Shepherd,1527693,2026-04-12,"Wankhede Stadium, Mumbai",1,Royal Challengers Bengaluru,Mumbai Indians,1,1-15,2,2,100.0,3.38,-1.38,-68.79,-80.58,-89.08,-49.53,86.59,-13.41
RM Patidar,1527693,2026-04-12,"Wankhede Stadium, Mumbai",1,Royal Challengers Bengaluru,Mumbai Indians,1,1-15,48,15,320.0,22.28,25.72,171.43,139.42,147.72,171.89,277.07,-42.93
RM Patidar,1527693,2026-04-12,"Wankhede Stadium, Mumbai",1,Royal Challengers Bengaluru,Mumbai Indians,2,16-30,5,5,100.0,9.4,-4.4,-88.08,-80.58,-72.28,-68.27,86.59,-13.41
TH David,1527693,2026-04-12,"Wankhede Stadium, Mumbai",1,Royal Challengers Bengaluru,Mumbai Indians,1,1-15,28,15,186.67,26.91,1.09,7.24,6.09,2.86,37.37,161.63,-25.04
TH David,1527693,2026-04-12,"Wankhede Stadium, Mumbai",1,Royal Challengers Bengaluru,Mumbai Indians,2,16-30,6,1,600.0,2.15,3.85,385.21,419.42,416.19,434.39,519.51,-80.49
V Kohli,1527693,2026-04-12,"Wankhede Stadium, Mumbai",1,Royal Challengers Bengaluru,Mumbai Indians,1,1-15,22,15,146.67,20.76,1.24,8.24,-33.91,-66.59,-2.48,126.99,-19.67
V Kohli,1527693,2026-04-12,"Wankhede Stadium, Mumbai",1,Royal Challengers Bengaluru,Mumbai Indians,2,16-30,17,15,113.33,22.42,-5.42,-36.12,-67.25,-99.92,-56.11,98.13,-15.2
V Kohli,1527693,2026-04-12,"Wankhede Stadium, Mumbai",1,Royal Challengers Bengaluru,Mumbai Indians,3,31-45,11,8,137.5,14.65,-3.65,-45.58,-43.08,-75.75,-32.27,119.05,-18.45
HH Pandya,1527693,2026-04-12,"Wankhede Stadium, Mumbai",2,Mumbai Indians,Royal Challengers Bengaluru,1,1-15,28,15,186.67,19.64,8.36,55.76,6.09,14.95,37.22,161.63,-25.04
HH Pandya,1527693,2026-04-12,"Wankhede Stadium, Mumbai",2,Mumbai Indians,Royal Challengers Bengaluru,2,16-30,12,7,171.43,11.2,0.8,11.42,-9.15,-0.29,3.38,148.43,-23.0
MJ Santner,1527693,2026-04-12,"Wankhede Stadium, Mumbai",2,Mumbai Indians,Royal Challengers Bengaluru,1,1-15,8,6,133.33,8.44,-0.44,-7.26,-47.25,-42.32,-16.41,115.45,-17.89
Naman Dhir,1527693,2026-04-12,"Wankhede Stadium, Mumbai",2,Mumbai Indians,Royal Challengers Bengaluru,1,1-15,1,2,50.0,2.52,-1.52,-76.16,-130.58,-125.63,-99.41,43.29,-6.71
RD Rickelton,1527693,2026-04-12,"Wankhede Stadium, Mumbai",2,Mumbai Indians,Royal Challengers Bengaluru,1,1-15,29,15,193.33,20.89,8.11,54.07,12.75,18.59,44.1,167.4,-25.94
RD Rickelton,1527693,2026-04-12,"Wankhede Stadium, Mumbai",2,Mumbai Indians,Royal Challengers Bengaluru,2,16-30,8,7,114.29,11.04,-3.04,-43.41,-66.29,-60.46,-54.03,98.95,-15.33
RG Sharma,1527693,2026-04-12,"Wankhede Stadium, Mumbai",2,Mumbai Indians,Royal Challengers Bengaluru,1,1-15,19,13,146.15,17.87,1.13,8.72,-34.42,-30.7,-3.34,126.55,-19.61
SA Yadav,1527693,2026-04-12,"Wankhede Stadium, Mumbai",2,Mumbai Indians,Royal Challengers Bengaluru,1,1-15,26,15,173.33,19.16,6.84,45.58,-7.25,-5.45,23.97,150.08,-23.25
SA Yadav,1527693,2026-04-12,"Wankhede Stadium, Mumbai",2,Mumbai Indians,Royal Challengers Bengaluru,2,16-30,7,7,100.0,10.29,-3.29,-47.05,-80.58,-78.79,-68.91,86.59,-13.41
SE Rutherford,1527693,2026-04-12,"Wankhede Stadium, Mumbai",2,Mumbai Indians,Royal Challengers Bengaluru,1,1-15,23,15,153.33,21.65,1.35,9.02,-27.25,-1.11,3.92,132.76,-20.57
SE Rutherford,1527693,2026-04-12,"Wankhede Stadium, Mumbai",2,Mumbai Indians,Royal Challengers Bengaluru,2,16-30,42,15,280.0,29.19,12.81,85.41,99.42,125.56,113.33,242.44,-37.56
SE Rutherford,1527693,2026-04-12,"Wankhede Stadium, Mumbai",2,Mumbai Indians,Royal Challengers Bengaluru,3,31-45,6,1,600.0,2.12,3.88,388.12,419.42,445.56,430.08,519.51,-80.49
Tilak Varma,1527693,2026-04-12,"Wankhede Stadium, Mumbai",2,Mumbai Indians,Royal Challengers Bengaluru,1,1-15,1,3,33.33,3.21,-2.21,-73.68,-147.25,-143.79,-116.6,28.86,-4.47
Abhishek Sharma,1529264,2026-04-13,"Rajiv Gandhi International Stadium, Uppal, Hyderabad",1,Sunrisers Hyderabad,Rajasthan Royals,1,1-15,0,1,0.0,1.03,-1.03,-102.59,-152.14,-173.95,-148.98,0.0,0.0
Aniket Verma,1529264,2026-04-13,"Rajiv Gandhi International Stadium, Uppal, Hyderabad",1,Sunrisers Hyderabad,Rajasthan Royals,1,1-15,6,5,120.0,8.06,-2.06,-41.21,-32.14,-54.78,-29.44,123.33,3.33
H Klaasen,1529264,2026-04-13,"Rajiv Gandhi International Stadium, Uppal, Hyderabad",1,Sunrisers Hyderabad,Rajasthan Royals,1,1-15,28,15,186.67,18.34,9.66,64.4,34.53,9.01,36.57,191.84,5.18
H Klaasen,1529264,2026-04-13,"Rajiv Gandhi International Stadium, Uppal, Hyderabad",1,Sunrisers Hyderabad,Rajasthan Royals,2,16-30,12,11,109.09,18.23,-6.23,-56.65,-43.05,-68.57,-59.66,112.12,3.02
Ishan Kishan,1529264,2026-04-13,"Rajiv Gandhi International Stadium, Uppal, Hyderabad",1,Sunrisers Hyderabad,Rajasthan Royals,1,1-15,21,15,140.0,18.66,2.34,15.57,-12.14,-12.63,-9.47,143.88,3.88
Ishan Kishan,1529264,2026-04-13,"Rajiv Gandhi International Stadium, Uppal, Hyderabad",1,Sunrisers Hyderabad,Rajasthan Royals,2,16-30,34,15,226.67,21.29,12.71,84.75,74.53,74.04,59.04,232.95,6.28
Ishan Kishan,1529264,2026-04-13,"Rajiv Gandhi International Stadium, Uppal, Hyderabad",1,Sunrisers Hyderabad,Rajasthan Royals,3,31-45,36,14,257.14,20.58,15.42,110.13,105.01,104.51,92.94,264.27,7.13
Nithish Kumar Reddy,1529264,2026-04-13,"Rajiv Gandhi International Stadium, Uppal, Hyderabad",1,Sunrisers Hyderabad,Rajasthan Royals,1,1-15,28,13,215.38,20.52,7.48,57.54,63.25,48.09,65.27,221.36,5.97
S Arora,1529264,2026-04-13,"Rajiv Gandhi International Stadium, Uppal, Hyderabad",1,Sunrisers Hyderabad,Rajasthan Royals,1,1-15,24,13,184.62,21.18,2.82,21.71,32.48,13.59,34.95,189.73,5.12
TM Head,1529264,2026-04-13,"Rajiv Gandhi International Stadium, Uppal, Hyderabad",1,Sunrisers Hyderabad,Rajasthan Royals,1,1-15,16,15,106.67,19.28,-3.28,-21.88,-45.47,-78.63,-42.8,109.62,2.96
TM Head,1529264,2026-04-13,"Rajiv Gandhi International Stadium, Uppal, Hyderabad",1,Sunrisers Hyderabad,Rajasthan Royals,2,16-30,2,3,66.67,3.97,-1.97,-65.72,-85.47,-118.63,-102.04,68.51,1.85
D Ferreira,1529264,2026-04-13,"Rajiv Gandhi International Stadium, Uppal, Hyderabad",2,Rajasthan Royals,Sunrisers Hyderabad,1,1-15,24,15,160.0,13.98,10.02,66.77,7.86,45.71,10.27,164.44,4.44
D Ferreira,1529264,2026-04-13,"Rajiv Gandhi International Stadium, Uppal, Hyderabad",2,Rajasthan Royals,Sunrisers Hyderabad,2,16-30,23,15,153.33,18.42,4.58,30.55,1.2,39.05,-14.92,157.58,4.25
D Ferreira,1529264,2026-04-13,"Rajiv Gandhi International Stadium, Uppal, Hyderabad",2,Rajasthan Royals,Sunrisers Hyderabad,3,31-45,22,14,157.14,20.6,1.4,9.98,5.01,42.86,-14.53,161.5,4.36
Dhruv Jurel,1529264,2026-04-13,"Rajiv Gandhi International Stadium, Uppal, Hyderabad",2,Rajasthan Royals,Sunrisers Hyderabad,1,1-15,0,2,0.0,2.0,-2.0,-99.89,-152.14,-133.04,-149.38,0.0,0.0
JC Archer,1529264,2026-04-13,"Rajiv Gandhi International Stadium, Uppal, Hyderabad",2,Rajasthan Royals,Sunrisers Hyderabad,1,1-15,2,5,40.0,5.3,-3.3,-65.95,-112.14,-94.86,-109.91,41.11,1.11
LG Pretorius,1529264,2026-04-13,"Rajiv Gandhi International Stadium, Uppal, Hyderabad",2,Rajasthan Royals,Sunrisers Hyderabad,1,1-15,0,2,0.0,1.78,-1.78,-88.96,-152.14,-133.04,-149.76,0.0,0.0
N Burger,1529264,2026-04-13,"Rajiv Gandhi International Stadium, Uppal, Hyderabad",2,Rajasthan Royals,Sunrisers Hyderabad,1,1-15,3,5,60.0,5.25,-2.25,-45.0,-92.14,-73.94,-89.81,61.66,1.66
R Parag,1529264,2026-04-13,"Rajiv Gandhi International Stadium, Uppal, Hyderabad",2,Rajasthan Royals,Sunrisers Hyderabad,1,1-15,4,6,66.67,5.07,-1.07,-17.84,-85.47,-67.59,-83.16,68.51,1.85
RA Jadeja,1529264,2026-04-13,"Rajiv Gandhi International Stadium, Uppal, Hyderabad",2,Rajasthan Royals,Sunrisers Hyderabad,1,1-15,21,15,140.0,14.57,6.43,42.89,-12.14,13.17,-10.06,143.88,3.88
RA Jadeja,1529264,2026-04-13,"Rajiv Gandhi International Stadium, Uppal, Hyderabad",2,Rajasthan Royals,Sunrisers Hyderabad,2,16-30,23,15,153.33,19.62,3.38,22.53,1.2,26.5,-15.58,157.58,4.25
RA Jadeja,1529264,2026-04-13,"Rajiv Gandhi International Stadium, Uppal, Hyderabad",2,Rajasthan Royals,Sunrisers Hyderabad,3,31-45,1,2,50.0,3.0,-2.0,-99.95,-102.14,-76.83,-121.79,51.39,1.39
Ravi Bishnoi,1529264,2026-04-13,"Rajiv Gandhi International Stadium, Uppal, Hyderabad",2,Rajasthan Royals,Sunrisers Hyderabad,1,1-15,0,1,0.0,0.92,-0.92,-92.01,-152.14,-131.86,-149.72,0.0,0.0
TU Deshpande,1529264,2026-04-13,"Rajiv Gandhi International Stadium, Uppal, Hyderabad",2,Rajasthan Royals,Sunrisers Hyderabad,1,1-15,25,11,227.27,12.38,12.62,114.77,75.14,106.88,77.87,233.57,6.3
V Suryavanshi,1529264,2026-04-13,"Rajiv Gandhi International Stadium, Uppal, Hyderabad",2,Rajasthan Royals,Sunrisers Hyderabad,1,1-15,0,1,0.0,1.18,-1.18,-118.46,-152.14,-131.86,-147.04,0.0,0.0
YBK Jaiswal,1529264,2026-04-13,"Rajiv Gandhi International Stadium, Uppal, Hyderabad",2,Rajasthan Royals,Sunrisers Hyderabad,1,1-15,1,5,20.0,4.58,-3.58,-71.66,-132.14,-115.78,-129.5,20.55,0.55
A Mhatre,1529265,2026-04-14,"MA Chidambaram Stadium, Chepauk, Chennai",1,Chennai Super Kings,Kolkata Knight Riders,1,1-15,38,15,253.33,19.96,18.04,120.27,115.83,118.38,104.07,288.07,34.74
A Mhatre,1529265,2026-04-14,"MA Chidambaram Stadium, Chepauk, Chennai",1,Chennai Super Kings,Kolkata Knight Riders,2,16-30,0,2,0.0,3.26,-3.26,-163.08,-137.5,-134.95,-167.12,0.0,0.0
D Brevis,1529265,2026-04-14,"MA Chidambaram Stadium, Chepauk, Chennai",1,Chennai Super Kings,Kolkata Knight Riders,1,1-15,17,15,113.33,19.29,-2.29,-15.24,-24.17,-36.12,-36.51,128.87,15.54
D Brevis,1529265,2026-04-14,"MA Chidambaram Stadium, Chepauk, Chennai",1,Chennai Super Kings,Kolkata Knight Riders,2,16-30,24,14,171.43,23.79,0.21,1.5,33.93,21.98,3.4,194.94,23.51
J Overton,1529265,2026-04-14,"MA Chidambaram Stadium, Chepauk, Chennai",1,Chennai Super Kings,Kolkata Knight Riders,1,1-15,7,6,116.67,9.12,-2.12,-35.39,-20.83,-32.46,-32.78,132.66,16.0
RD Gaikwad,1529265,2026-04-14,"MA Chidambaram Stadium, Chepauk, Chennai",1,Chennai Super Kings,Kolkata Knight Riders,1,1-15,7,6,116.67,7.32,-0.32,-5.41,-20.83,-32.46,-33.7,132.66,16.0
S Dube,1529265,2026-04-14,"MA Chidambaram Stadium, Chepauk, Chennai",1,Chennai Super Kings,Kolkata Knight Riders,1,1-15,13,12,108.33,19.75,-6.75,-56.25,-29.17,-43.52,-41.46,123.19,14.86
SN Khan,1529265,2026-04-14,"MA Chidambaram Stadium, Chepauk, Chennai",1,Chennai Super Kings,Kolkata Knight Riders,1,1-15,16,15,106.67,20.72,-4.72,-31.47,-30.83,-44.31,-42.49,121.29,14.63
SN Khan,1529265,2026-04-14,"MA Chidambaram Stadium, Chepauk, Chennai",1,Chennai Super Kings,Kolkata Knight Riders,2,16-30,7,3,233.33,5.19,1.81,60.26,95.83,82.35,65.53,265.33,32.0
SV Samson,1529265,2026-04-14,"MA Chidambaram Stadium, Chepauk, Chennai",1,Chennai Super Kings,Kolkata Knight Riders,1,1-15,23,15,153.33,20.49,2.51,16.76,15.83,6.74,3.88,174.36,21.03
SV Samson,1529265,2026-04-14,"MA Chidambaram Stadium, Chepauk, Chennai",1,Chennai Super Kings,Kolkata Knight Riders,2,16-30,19,15,126.67,21.23,-2.23,-14.84,-10.83,-19.92,-42.28,144.04,17.37
SV Samson,1529265,2026-04-14,"MA Chidambaram Stadium, Chepauk, Chennai",1,Chennai Super Kings,Kolkata Knight Riders,3,31-45,6,2,300.0,2.92,3.08,153.84,162.5,153.41,132.36,341.14,41.14
A Raghuvanshi,1529265,2026-04-14,"MA Chidambaram Stadium, Chepauk, Chennai",2,Kolkata Knight Riders,Chennai Super Kings,1,1-15,21,15,140.0,17.15,3.85,25.68,2.5,15.25,-9.71,159.2,19.2
A Raghuvanshi,1529265,2026-04-14,"MA Chidambaram Stadium, Chepauk, Chennai",2,Kolkata Knight Riders,Chennai Super Kings,2,16-30,6,4,150.0,5.48,0.52,13.11,12.5,25.25,-17.9,170.57,20.57
AM Rahane,1529265,2026-04-14,"MA Chidambaram Stadium, Chepauk, Chennai",2,Kolkata Knight Riders,Chennai Super Kings,1,1-15,17,15,113.33,17.95,-0.95,-6.36,-24.17,-14.22,-36.51,128.87,15.54
AM Rahane,1529265,2026-04-14,"MA Chidambaram Stadium, Chepauk, Chennai",2,Kolkata Knight Riders,Chennai Super Kings,2,16-30,11,7,157.14,9.34,1.66,23.73,19.64,29.59,-10.43,178.69,21.55
AS Roy,1529265,2026-04-14,"MA Chidambaram Stadium, Chepauk, Chennai",2,Kolkata Knight Riders,Chennai Super Kings,1,1-15,1,1,100.0,1.2,-0.2,-19.72,-37.5,-27.73,-49.78,113.71,13.71
C Green,1529265,2026-04-14,"MA Chidambaram Stadium, Chepauk, Chennai",2,Kolkata Knight Riders,Chennai Super Kings,1,1-15,0,1,0.0,0.94,-0.94,-93.9,-137.5,-128.57,-149.92,0.0,0.0
FH Allen,1529265,2026-04-14,"MA Chidambaram Stadium, Chepauk, Chennai",2,Kolkata Knight Riders,Chennai Super Kings,1,1-15,1,3,33.33,3.54,-2.54,-84.55,-104.17,-96.58,-115.7,37.9,4.57
R Powell,1529265,2026-04-14,"MA Chidambaram Stadium, Chepauk, Chennai",2,Kolkata Knight Riders,Chennai Super Kings,1,1-15,21,15,140.0,17.2,3.8,25.33,2.5,15.51,-9.57,159.2,19.2
R Powell,1529265,2026-04-14,"MA Chidambaram Stadium, Chepauk, Chennai",2,Kolkata Knight Riders,Chennai Super Kings,2,16-30,10,7,142.86,11.6,-1.6,-22.85,5.36,18.37,-25.62,162.45,19.59
RK Singh,1529265,2026-04-14,"MA Chidambaram Stadium, Chepauk, Chennai",2,Kolkata Knight Riders,Chennai Super Kings,1,1-15,6,12,50.0,12.88,-6.88,-57.33,-87.5,-86.11,-100.29,56.86,6.86
Ramandeep Singh,1529265,2026-04-14,"MA Chidambaram Stadium, Chepauk, Chennai",2,Kolkata Knight Riders,Chennai Super Kings,1,1-15,22,15,146.67,16.96,5.04,33.58,9.17,25.02,-3.19,166.78,20.11
Ramandeep Singh,1529265,2026-04-14,"MA Chidambaram Stadium, Chepauk, Chennai",2,Kolkata Knight Riders,Chennai Super Kings,2,16-30,13,8,162.5,13.3,-0.3,-3.71,25.0,40.85,-5.61,184.78,22.28
SP Narine,1529265,2026-04-14,"MA Chidambaram Stadium, Chepauk, Chennai",2,Kolkata Knight Riders,Chennai Super Kings,1,1-15,24,15,160.0,20.19,3.81,25.39,22.5,34.76,10.57,181.94,21.94
SP Narine,1529265,2026-04-14,"MA Chidambaram Stadium, Chepauk, Chennai",2,Kolkata Knight Riders,Chennai Super Kings,2,16-30,0,2,0.0,3.24,-3.24,-161.86,-137.5,-125.24,-168.35,0.0,0.0
