season,season_year,match_id,start_date,venue,innings,batting_team,opposition,player,own_15_ball_phase,phase_label,runs,balls,expected_runs,runs_above_expected,innings_runs,strike_rate,expected_sr,runs_above_expected_per_100,player_innings_ball_range
2026,2026,1527674,2026-03-28,"M Chinnaswamy Stadium, Bengaluru",1,Sunrisers Hyderabad,Royal Challengers Bengaluru,Abhishek Sharma,1,1-15,7,8,10.22,-3.22,7,87.5,127.69,-40.19,1-15
2026,2026,1527674,2026-03-28,"M Chinnaswamy Stadium, Bengaluru",1,Sunrisers Hyderabad,Royal Challengers Bengaluru,Aniket Verma,1,1-15,37,15,20.94,16.06,37,246.67,139.59,107.07,1-15
2026,2026,1527674,2026-03-28,"M Chinnaswamy Stadium, Bengaluru",1,Sunrisers Hyderabad,Royal Challengers Bengaluru,Aniket Verma,2,16-30,6,3,5.04,0.96,6,200.0,168.0,32.0,16-30
2026,2026,1527674,2026-03-28,"M Chinnaswamy Stadium, Bengaluru",1,Sunrisers Hyderabad,Royal Challengers Bengaluru,DA Payne,1,1-15,6,5,6.12,-0.12,6,120.0,122.39,-2.39,1-15
2026,2026,1527674,2026-03-28,"M Chinnaswamy Stadium, Bengaluru",1,Sunrisers Hyderabad,Royal Challengers Bengaluru,H Klaasen,1,1-15,20,15,16.78,3.22,20,133.33,111.88,21.45,1-15
2026,2026,1527674,2026-03-28,"M Chinnaswamy Stadium, Bengaluru",1,Sunrisers Hyderabad,Royal Challengers Bengaluru,H Klaasen,2,16-30,11,7,9.97,1.03,11,157.14,142.47,14.67,16-30
2026,2026,1527674,2026-03-28,"M Chinnaswamy Stadium, Bengaluru",1,Sunrisers Hyderabad,Royal Challengers Bengaluru,HV Patel,1,1-15,0,2,2.38,-2.38,0,0.0,119.01,-119.01,1-15
2026,2026,1527674,2026-03-28,"M Chinnaswamy Stadium, Bengaluru",1,Sunrisers Hyderabad,Royal Challengers Bengaluru,Harsh Dubey,1,1-15,3,3,3.65,-0.65,3,100.0,121.63,-21.63,1-15
2026,2026,1527674,2026-03-28,"M Chinnaswamy Stadium, Bengaluru",1,Sunrisers Hyderabad,Royal Challengers Bengaluru,Ishan Kishan,1,1-15,31,15,17.38,13.62,31,206.67,115.87,90.79,1-15
2026,2026,1527674,2026-03-28,"M Chinnaswamy Stadium, Bengaluru",1,Sunrisers Hyderabad,Royal Challengers Bengaluru,Ishan Kishan,2,16-30,24,15,20.05,3.95,24,160.0,133.7,26.3,16-30
2026,2026,1527674,2026-03-28,"M Chinnaswamy Stadium, Bengaluru",1,Sunrisers Hyderabad,Royal Challengers Bengaluru,Ishan Kishan,3,31-45,25,8,11.9,13.1,25,312.5,148.73,163.77,31-45
2026,2026,1527674,2026-03-28,"M Chinnaswamy Stadium, Bengaluru",1,Sunrisers Hyderabad,Royal Challengers Bengaluru,JD Unadkat,1,1-15,4,3,3.76,0.24,4,133.33,125.4,7.94,1-15
2026,2026,1527674,2026-03-28,"M Chinnaswamy Stadium, Bengaluru",1,Sunrisers Hyderabad,Royal Challengers Bengaluru,Nithish Kumar Reddy,1,1-15,1,6,6.67,-5.67,1,16.67,111.19,-94.53,1-15
2026,2026,1527674,2026-03-28,"M Chinnaswamy Stadium, Bengaluru",1,Sunrisers Hyderabad,Royal Challengers Bengaluru,S Arora,1,1-15,9,6,7.5,1.5,9,150.0,124.98,25.02,1-15
2026,2026,1527674,2026-03-28,"M Chinnaswamy Stadium, Bengaluru",1,Sunrisers Hyderabad,Royal Challengers Bengaluru,TM Head,1,1-15,11,9,11.31,-0.31,11,122.22,125.63,-3.4,1-15
2026,2026,1527674,2026-03-28,"M Chinnaswamy Stadium, Bengaluru",2,Royal Challengers Bengaluru,Sunrisers Hyderabad,D Padikkal,1,1-15,39,15,20.06,18.94,39,260.0,133.7,126.3,1-15
2026,2026,1527674,2026-03-28,"M Chinnaswamy Stadium, Bengaluru",2,Royal Challengers Bengaluru,Sunrisers Hyderabad,D Padikkal,2,16-30,22,11,16.64,5.36,22,200.0,151.31,48.69,16-30
2026,2026,1527674,2026-03-28,"M Chinnaswamy Stadium, Bengaluru",2,Royal Challengers Bengaluru,Sunrisers Hyderabad,JM Sharma,1,1-15,0,1,1.34,-1.34,0,0.0,133.62,-133.62,1-15
2026,2026,1527674,2026-03-28,"M Chinnaswamy Stadium, Bengaluru",2,Royal Challengers Bengaluru,Sunrisers Hyderabad,PD Salt,1,1-15,8,7,8.54,-0.54,8,114.29,122.0,-7.72,1-15
2026,2026,1527674,2026-03-28,"M Chinnaswamy Stadium, Bengaluru",2,Royal Challengers Bengaluru,Sunrisers Hyderabad,RM Patidar,1,1-15,31,12,16.82,14.18,31,258.33,140.16,118.18,1-15
2026,2026,1527674,2026-03-28,"M Chinnaswamy Stadium, Bengaluru",2,Royal Challengers Bengaluru,Sunrisers Hyderabad,TH David,1,1-15,16,10,15.15,0.85,16,160.0,151.45,8.55,1-15
2026,2026,1527674,2026-03-28,"M Chinnaswamy Stadium, Bengaluru",2,Royal Challengers Bengaluru,Sunrisers Hyderabad,V Kohli,1,1-15,28,15,19.6,8.4,28,186.67,130.65,56.01,1-15
2026,2026,1527674,2026-03-28,"M Chinnaswamy Stadium, Bengaluru",2,Royal Challengers Bengaluru,Sunrisers Hyderabad,V Kohli,2,16-30,20,15,23.84,-3.84,20,133.33,158.95,-25.62,16-30
2026,2026,1527674,2026-03-28,"M Chinnaswamy Stadium, Bengaluru",2,Royal Challengers Bengaluru,Sunrisers Hyderabad,V Kohli,3,31-45,21,8,14.33,6.67,21,262.5,179.07,83.43,31-45
2026,2026,1527675,2026-03-29,"Wankhede Stadium, Mumbai",1,Kolkata Knight Riders,Mumbai Indians,A Raghuvanshi,1,1-15,21,15,21.26,-0.26,21,140.0,141.71,-1.71,1-15
2026,2026,1527675,2026-03-29,"Wankhede Stadium, Mumbai",1,Kolkata Knight Riders,Mumbai Indians,A Raghuvanshi,2,16-30,30,14,26.24,3.76,30,214.29,187.4,26.88,16-30
2026,2026,1527675,2026-03-29,"Wankhede Stadium, Mumbai",1,Kolkata Knight Riders,Mumbai Indians,AM Rahane,1,1-15,28,15,21.29,6.71,28,186.67,141.94,44.73,1-15
2026,2026,1527675,2026-03-29,"Wankhede Stadium, Mumbai",1,Kolkata Knight Riders,Mumbai Indians,AM Rahane,2,16-30,31,15,23.05,7.95,31,206.67,153.66,53.01,16-30
2026,2026,1527675,2026-03-29,"Wankhede Stadium, Mumbai",1,Kolkata Knight Riders,Mumbai Indians,AM Rahane,3,31-45,8,10,15.95,-7.95,8,80.0,159.47,-79.47,31-45
2026,2026,1527675,2026-03-29,"Wankhede Stadium, Mumbai",1,Kolkata Knight Riders,Mumbai Indians,C Green,1,1-15,18,10,12.73,5.27,18,180.0,127.25,52.75,1-15
2026,2026,1527675,2026-03-29,"Wankhede Stadium, Mumbai",1,Kolkata Knight Riders,Mumbai Indians,FH Allen,1,1-15,36,15,21.41,14.59,36,240.0,142.71,97.29,1-15
2026,2026,1527675,2026-03-29,"Wankhede Stadium, Mumbai",1,Kolkata Knight Riders,Mumbai Indians,FH Allen,2,16-30,1,2,3.47,-2.47,1,50.0,173.73,-123.73,16-30
2026,2026,1527675,2026-03-29,"Wankhede Stadium, Mumbai",1,Kolkata Knight Riders,Mumbai Indians,RK Singh,1,1-15,24,15,24.23,-0.23,24,160.0,161.51,-1.51,1-15
2026,2026,1527675,2026-03-29,"Wankhede Stadium, Mumbai",1,Kolkata Knight Riders,Mumbai Indians,RK Singh,2,16-30,9,6,12.49,-3.49,9,150.0,208.17,-58.17,16-30
2026,2026,1527675,2026-03-29,"Wankhede Stadium, Mumbai",1,Kolkata Knight Riders,Mumbai Indians,Ramandeep Singh,1,1-15,4,4,6.61,-2.61,4,100.0,165.19,-65.19,1-15
2026,2026,1527675,2026-03-29,"Wankhede Stadium, Mumbai",2,Mumbai Indians,Kolkata Knight Riders,HH Pandya,1,1-15,18,11,18.36,-0.36,18,163.64,166.88,-3.24,1-15
2026,2026,1527675,2026-03-29,"Wankhede Stadium, Mumbai",2,Mumbai Indians,Kolkata Knight Riders,Naman Dhir,1,1-15,5,2,3.22,1.78,5,250.0,160.97,89.03,1-15
2026,2026,1527675,2026-03-29,"Wankhede Stadium, Mumbai",2,Mumbai Indians,Kolkata Knight Riders,RD Rickelton,1,1-15,35,15,20.71,14.29,35,233.33,138.05,95.28,1-15
2026,2026,1527675,2026-03-29,"Wankhede Stadium, Mumbai",2,Mumbai Indians,Kolkata Knight Riders,RD Rickelton,2,16-30,26,15,22.98,3.02,26,173.33,153.22,20.11,16-30
2026,2026,1527675,2026-03-29,"Wankhede Stadium, Mumbai",2,Mumbai Indians,Kolkata Knight Riders,RD Rickelton,3,31-45,20,13,22.61,-2.61,20,153.85,173.92,-20.08,31-45
2026,2026,1527675,2026-03-29,"Wankhede Stadium, Mumbai",2,Mumbai Indians,Kolkata Knight Riders,RG Sharma,1,1-15,34,15,21.22,12.78,34,226.67,141.44,85.23,1-15
2026,2026,1527675,2026-03-29,"Wankhede Stadium, Mumbai",2,Mumbai Indians,Kolkata Knight Riders,RG Sharma,2,16-30,26,15,25.17,0.83,26,173.33,167.8,5.53,16-30
2026,2026,1527675,2026-03-29,"Wankhede Stadium, Mumbai",2,Mumbai Indians,Kolkata Knight Riders,RG Sharma,3,31-45,18,8,13.33,4.67,18,225.0,166.58,58.42,31-45
2026,2026,1527675,2026-03-29,"Wankhede Stadium, Mumbai",2,Mumbai Indians,Kolkata Knight Riders,SA Yadav,1,1-15,16,8,11.4,4.6,16,200.0,142.51,57.49,1-15
2026,2026,1527675,2026-03-29,"Wankhede Stadium, Mumbai",2,Mumbai Indians,Kolkata Knight Riders,Tilak Varma,1,1-15,20,14,23.84,-3.84,20,142.86,170.28,-27.42,1-15
2026,2026,1527676,2026-03-30,"Barsapara Cricket Stadium, Guwahati",1,Chennai Super Kings,Rajasthan Royals,A Kamboj,1,1-15,7,10,9.84,-2.84,7,70.0,98.36,-28.36,1-15
2026,2026,1527676,2026-03-30,"Barsapara Cricket Stadium, Guwahati",1,Chennai Super Kings,Rajasthan Royals,A Mhatre,1,1-15,0,1,1.0,-1.0,0,0.0,100.3,-100.3,1-15
2026,2026,1527676,2026-03-30,"Barsapara Cricket Stadium, Guwahati",1,Chennai Super Kings,Rajasthan Royals,J Overton,1,1-15,17,15,14.74,2.26,17,113.33,98.24,15.09,1-15
2026,2026,1527676,2026-03-30,"Barsapara Cricket Stadium, Guwahati",1,Chennai Super Kings,Rajasthan Royals,J Overton,2,16-30,16,15,19.3,-3.3,16,106.67,128.65,-21.98,16-30
2026,2026,1527676,2026-03-30,"Barsapara Cricket Stadium, Guwahati",1,Chennai Super Kings,Rajasthan Royals,J Overton,3,31-45,10,6,9.94,0.06,10,166.67,165.73,0.93,31-45
2026,2026,1527676,2026-03-30,"Barsapara Cricket Stadium, Guwahati",1,Chennai Super Kings,Rajasthan Royals,Kartik Sharma,1,1-15,18,15,15.03,2.97,18,120.0,100.18,19.82,1-15
2026,2026,1527676,2026-03-30,"Barsapara Cricket Stadium, Guwahati",1,Chennai Super Kings,Rajasthan Royals,MJ Henry,1,1-15,5,7,5.97,-0.97,5,71.43,85.28,-13.85,1-15
2026,2026,1527676,2026-03-30,"Barsapara Cricket Stadium, Guwahati",1,Chennai Super Kings,Rajasthan Royals,MW Short,1,1-15,2,7,7.16,-5.16,2,28.57,102.26,-73.69,1-15
2026,2026,1527676,2026-03-30,"Barsapara Cricket Stadium, Guwahati",1,Chennai Super Kings,Rajasthan Royals,Noor Ahmad,1,1-15,1,9,8.27,-7.27,1,11.11,91.92,-80.81,1-15
2026,2026,1527676,2026-03-30,"Barsapara Cricket Stadium, Guwahati",1,Chennai Super Kings,Rajasthan Royals,RD Gaikwad,1,1-15,6,11,14.16,-8.16,6,54.55,128.73,-74.18,1-15
2026,2026,1527676,2026-03-30,"Barsapara Cricket Stadium, Guwahati",1,Chennai Super Kings,Rajasthan Royals,S Dube,1,1-15,6,4,3.71,2.29,6,150.0,92.82,57.18,1-15
2026,2026,1527676,2026-03-30,"Barsapara Cricket Stadium, Guwahati",1,Chennai Super Kings,Rajasthan Royals,SN Khan,1,1-15,17,12,12.75,4.25,17,141.67,106.23,35.43,1-15
2026,2026,1527676,2026-03-30,"Barsapara Cricket Stadium, Guwahati",1,Chennai Super Kings,Rajasthan Royals,SV Samson,1,1-15,6,7,8.53,-2.53,6,85.71,121.79,-36.08,1-15
2026,2026,1527676,2026-03-30,"Barsapara Cricket Stadium, Guwahati",2,Rajasthan Royals,Chennai Super Kings,Dhruv Jurel,1,1-15,18,9,10.91,7.09,18,200.0,121.26,78.74,1-15
2026,2026,1527676,2026-03-30,"Barsapara Cricket Stadium, Guwahati",2,Rajasthan Royals,Chennai Super Kings,R Parag,1,1-15,14,11,14.19,-0.19,14,127.27,128.98,-1.7,1-15
2026,2026,1527676,2026-03-30,"Barsapara Cricket Stadium, Guwahati",2,Rajasthan Royals,Chennai Super Kings,V Suryavanshi,1,1-15,50,15,21.08,28.92,50,333.33,140.57,192.77,1-15
2026,2026,1527676,2026-03-30,"Barsapara Cricket Stadium, Guwahati",2,Rajasthan Royals,Chennai Super Kings,V Suryavanshi,2,16-30,2,2,3.13,-1.13,2,100.0,156.52,-56.52,16-30
2026,2026,1527676,2026-03-30,"Barsapara Cricket Stadium, Guwahati",2,Rajasthan Royals,Chennai Super Kings,YBK Jaiswal,1,1-15,15,15,20.89,-5.89,15,100.0,139.28,-39.28,1-15
2026,2026,1527676,2026-03-30,"Barsapara Cricket Stadium, Guwahati",2,Rajasthan Royals,Chennai Super Kings,YBK Jaiswal,2,16-30,11,15,23.16,-12.16,11,73.33,154.4,-81.07,16-30
2026,2026,1527676,2026-03-30,"Barsapara Cricket Stadium, Guwahati",2,Rajasthan Royals,Chennai Super Kings,YBK Jaiswal,3,31-45,12,6,9.11,2.89,12,200.0,151.75,48.25,31-45
2026,2026,1527677,2026-03-31,"Maharaja Yadavindra Singh International Cricket Stadium, New Chandigarh",1,Gujarat Titans,Punjab Kings,B Sai Sudharsan,1,1-15,13,11,14.51,-1.51,13,118.18,131.95,-13.76,1-15
2026,2026,1527677,2026-03-31,"Maharaja Yadavindra Singh International Cricket Stadium, New Chandigarh",1,Gujarat Titans,Punjab Kings,GD Phillips,1,1-15,23,15,19.2,3.8,23,153.33,128.02,25.32,1-15
2026,2026,1527677,2026-03-31,"Maharaja Yadavindra Singh International Cricket Stadium, New Chandigarh",1,Gujarat Titans,Punjab Kings,GD Phillips,2,16-30,2,2,3.0,-1.0,2,100.0,150.19,-50.19,16-30
2026,2026,1527677,2026-03-31,"Maharaja Yadavindra Singh International Cricket Stadium, New Chandigarh",1,Gujarat Titans,Punjab Kings,JC Buttler,1,1-15,21,15,19.1,1.9,21,140.0,127.35,12.65,1-15
2026,2026,1527677,2026-03-31,"Maharaja Yadavindra Singh International Cricket Stadium, New Chandigarh",1,Gujarat Titans,Punjab Kings,JC Buttler,2,16-30,17,15,21.02,-4.02,17,113.33,140.16,-26.83,16-30
2026,2026,1527677,2026-03-31,"Maharaja Yadavindra Singh International Cricket Stadium, New Chandigarh",1,Gujarat Titans,Punjab Kings,JC Buttler,3,31-45,0,3,4.55,-4.55,0,0.0,151.76,-151.76,31-45
2026,2026,1527677,2026-03-31,"Maharaja Yadavindra Singh International Cricket Stadium, New Chandigarh",1,Gujarat Titans,Punjab Kings,M Shahrukh Khan,1,1-15,4,6,8.28,-4.28,4,66.67,138.07,-71.4,1-15
2026,2026,1527677,2026-03-31,"Maharaja Yadavindra Singh International Cricket Stadium, New Chandigarh",1,Gujarat Titans,Punjab Kings,R Tewatia,1,1-15,11,10,14.92,-3.92,11,110.0,149.16,-39.16,1-15
2026,2026,1527677,2026-03-31,"Maharaja Yadavindra Singh International Cricket Stadium, New Chandigarh",1,Gujarat Titans,Punjab Kings,Rashid Khan,1,1-15,0,1,1.35,-1.35,0,0.0,135.0,-135.0,1-15
2026,2026,1527677,2026-03-31,"Maharaja Yadavindra Singh International Cricket Stadium, New Chandigarh",1,Gujarat Titans,Punjab Kings,Shubman Gill,1,1-15,27,15,21.13,5.87,27,180.0,140.86,39.14,1-15
2026,2026,1527677,2026-03-31,"Maharaja Yadavindra Singh International Cricket Stadium, New Chandigarh",1,Gujarat Titans,Punjab Kings,Shubman Gill,2,16-30,12,12,16.66,-4.66,12,100.0,138.85,-38.85,16-30
2026,2026,1527677,2026-03-31,"Maharaja Yadavindra Singh International Cricket Stadium, New Chandigarh",1,Gujarat Titans,Punjab Kings,Washington Sundar,1,1-15,18,15,22.24,-4.24,18,120.0,148.24,-28.24,1-15
2026,2026,1527677,2026-03-31,"Maharaja Yadavindra Singh International Cricket Stadium, New Chandigarh",1,Gujarat Titans,Punjab Kings,Washington Sundar,2,16-30,0,1,1.77,-1.77,0,0.0,177.21,-177.21,16-30
2026,2026,1527677,2026-03-31,"Maharaja Yadavindra Singh International Cricket Stadium, New Chandigarh",2,Punjab Kings,Gujarat Titans,C Connolly,1,1-15,26,15,20.01,5.99,26,173.33,133.41,39.92,1-15
2026,2026,1527677,2026-03-31,"Maharaja Yadavindra Singh International Cricket Stadium, New Chandigarh",2,Punjab Kings,Gujarat Titans,C Connolly,2,16-30,21,15,21.08,-0.08,21,140.0,140.53,-0.53,16-30
2026,2026,1527677,2026-03-31,"Maharaja Yadavindra Singh International Cricket Stadium, New Chandigarh",2,Punjab Kings,Gujarat Titans,C Connolly,3,31-45,25,14,22.45,2.55,25,178.57,160.39,18.18,31-45
2026,2026,1527677,2026-03-31,"Maharaja Yadavindra Singh International Cricket Stadium, New Chandigarh",2,Punjab Kings,Gujarat Titans,M Jansen,1,1-15,9,10,12.48,-3.48,9,90.0,124.81,-34.81,1-15
2026,2026,1527677,2026-03-31,"Maharaja Yadavindra Singh International Cricket Stadium, New Chandigarh",2,Punjab Kings,Gujarat Titans,MP Stoinis,1,1-15,0,2,2.11,-2.11,0,0.0,105.3,-105.3,1-15
2026,2026,1527677,2026-03-31,"Maharaja Yadavindra Singh International Cricket Stadium, New Chandigarh",2,Punjab Kings,Gujarat Titans,N Wadhera,1,1-15,3,6,7.11,-4.11,3,50.0,118.52,-68.52,1-15
2026,2026,1527677,2026-03-31,"Maharaja Yadavindra Singh International Cricket Stadium, New Chandigarh",2,Punjab Kings,Gujarat Titans,P Simran Singh,1,1-15,27,15,19.45,7.55,27,180.0,129.67,50.33,1-15
2026,2026,1527677,2026-03-31,"Maharaja Yadavindra Singh International Cricket Stadium, New Chandigarh",2,Punjab Kings,Gujarat Titans,P Simran Singh,2,16-30,10,9,12.38,-2.38,10,111.11,137.55,-26.44,16-30
2026,2026,1527677,2026-03-31,"Maharaja Yadavindra Singh International Cricket Stadium, New Chandigarh",2,Punjab Kings,Gujarat Titans,Priyansh Arya,1,1-15,7,8,9.54,-2.54,7,87.5,119.27,-31.77,1-15
2026,2026,1527677,2026-03-31,"Maharaja Yadavindra Singh International Cricket Stadium, New Chandigarh",2,Punjab Kings,Gujarat Titans,SS Iyer,1,1-15,18,11,13.5,4.5,18,163.64,122.77,40.87,1-15
2026,2026,1527677,2026-03-31,"Maharaja Yadavindra Singh International Cricket Stadium, New Chandigarh",2,Punjab Kings,Gujarat Titans,Shashank Singh,1,1-15,4,5,5.73,-1.73,4,80.0,114.56,-34.56,1-15
2026,2026,1527677,2026-03-31,"Maharaja Yadavindra Singh International Cricket Stadium, New Chandigarh",2,Punjab Kings,Gujarat Titans,XC Bartlett,1,1-15,11,5,5.98,5.02,11,220.0,119.66,100.34,1-15
2026,2026,1527678,2026-04-01,"Bharat Ratna Shri Atal Bihari Vajpayee Ekana Cricket Stadium, Lucknow",1,Lucknow Super Giants,Delhi Capitals,A Badoni,1,1-15,0,3,2.9,-2.9,0,0.0,96.61,-96.61,1-15
2026,2026,1527678,2026-04-01,"Bharat Ratna Shri Atal Bihari Vajpayee Ekana Cricket Stadium, Lucknow",1,Lucknow Super Giants,Delhi Capitals,A Nortje,1,1-15,0,1,0.99,-0.99,0,0.0,98.99,-98.99,1-15
2026,2026,1527678,2026-04-01,"Bharat Ratna Shri Atal Bihari Vajpayee Ekana Cricket Stadium, Lucknow",1,Lucknow Super Giants,Delhi Capitals,AK Markram,1,1-15,11,8,9.65,1.35,11,137.5,120.58,16.92,1-15
2026,2026,1527678,2026-04-01,"Bharat Ratna Shri Atal Bihari Vajpayee Ekana Cricket Stadium, Lucknow",1,Lucknow Super Giants,Delhi Capitals,Abdul Samad,1,1-15,18,15,16.75,1.25,18,120.0,111.7,8.3,1-15
2026,2026,1527678,2026-04-01,"Bharat Ratna Shri Atal Bihari Vajpayee Ekana Cricket Stadium, Lucknow",1,Lucknow Super Giants,Delhi Capitals,Abdul Samad,2,16-30,18,10,14.55,3.45,18,180.0,145.52,34.48,16-30
2026,2026,1527678,2026-04-01,"Bharat Ratna Shri Atal Bihari Vajpayee Ekana Cricket Stadium, Lucknow",1,Lucknow Super Giants,Delhi Capitals,MD Choudhary,1,1-15,14,11,11.77,2.23,14,127.27,106.98,20.29,1-15
2026,2026,1527678,2026-04-01,"Bharat Ratna Shri Atal Bihari Vajpayee Ekana Cricket Stadium, Lucknow",1,Lucknow Super Giants,Delhi Capitals,MR Marsh,1,1-15,19,15,20.5,-1.5,19,126.67,136.66,-9.99,1-15
2026,2026,1527678,2026-04-01,"Bharat Ratna Shri Atal Bihari Vajpayee Ekana Cricket Stadium, Lucknow",1,Lucknow Super Giants,Delhi Capitals,MR Marsh,2,16-30,16,13,17.46,-1.46,16,123.08,134.33,-11.25,16-30
2026,2026,1527678,2026-04-01,"Bharat Ratna Shri Atal Bihari Vajpayee Ekana Cricket Stadium, Lucknow",1,Lucknow Super Giants,Delhi Capitals,Mohammed Shami,1,1-15,1,2,2.13,-1.13,1,50.0,106.52,-56.52,1-15
2026,2026,1527678,2026-04-01,"Bharat Ratna Shri Atal Bihari Vajpayee Ekana Cricket Stadium, Lucknow",1,Lucknow Super Giants,Delhi Capitals,Mohsin Khan,1,1-15,0,1,0.95,-0.95,0,0.0,94.76,-94.76,1-15
2026,2026,1527678,2026-04-01,"Bharat Ratna Shri Atal Bihari Vajpayee Ekana Cricket Stadium, Lucknow",1,Lucknow Super Giants,Delhi Capitals,N Pooran,1,1-15,8,8,7.85,0.15,8,100.0,98.18,1.82,1-15
2026,2026,1527678,2026-04-01,"Bharat Ratna Shri Atal Bihari Vajpayee Ekana Cricket Stadium, Lucknow",1,Lucknow Super Giants,Delhi Capitals,RR Pant,1,1-15,7,9,11.8,-4.8,7,77.78,131.16,-53.38,1-15
2026,2026,1527678,2026-04-01,"Bharat Ratna Shri Atal Bihari Vajpayee Ekana Cricket Stadium, Lucknow",1,Lucknow Super Giants,Delhi Capitals,Shahbaz Ahmed,1,1-15,14,15,18.58,-4.58,14,93.33,123.84,-30.51,1-15
2026,2026,1527678,2026-04-01,"Bharat Ratna Shri Atal Bihari Vajpayee Ekana Cricket Stadium, Lucknow",1,Lucknow Super Giants,Delhi Capitals,Shahbaz Ahmed,2,16-30,1,1,1.46,-0.46,1,100.0,146.26,-46.26,16-30
2026,2026,1527678,2026-04-01,"Bharat Ratna Shri Atal Bihari Vajpayee Ekana Cricket Stadium, Lucknow",2,Delhi Capitals,Lucknow Super Giants,AR Patel,1,1-15,0,1,0.89,-0.89,0,0.0,88.76,-88.76,1-15
2026,2026,1527678,2026-04-01,"Bharat Ratna Shri Atal Bihari Vajpayee Ekana Cricket Stadium, Lucknow",2,Delhi Capitals,Lucknow Super Giants,KL Rahul,1,1-15,0,1,1.03,-1.03,0,0.0,102.59,-102.59,1-15
2026,2026,1527678,2026-04-01,"Bharat Ratna Shri Atal Bihari Vajpayee Ekana Cricket Stadium, Lucknow",2,Delhi Capitals,Lucknow Super Giants,N Rana,1,1-15,15,15,19.74,-4.74,15,100.0,131.59,-31.59,1-15
2026,2026,1527678,2026-04-01,"Bharat Ratna Shri Atal Bihari Vajpayee Ekana Cricket Stadium, Lucknow",2,Delhi Capitals,Lucknow Super Giants,N Rana,2,16-30,0,2,3.22,-3.22,0,0.0,161.08,-161.08,16-30
2026,2026,1527678,2026-04-01,"Bharat Ratna Shri Atal Bihari Vajpayee Ekana Cricket Stadium, Lucknow",2,Delhi Capitals,Lucknow Super Giants,P Nissanka,1,1-15,1,5,5.57,-4.57,1,20.0,111.38,-91.38,1-15
2026,2026,1527678,2026-04-01,"Bharat Ratna Shri Atal Bihari Vajpayee Ekana Cricket Stadium, Lucknow",2,Delhi Capitals,Lucknow Super Giants,Sameer Rizvi,1,1-15,12,15,15.66,-3.66,12,80.0,104.4,-24.4,1-15
2026,2026,1527678,2026-04-01,"Bharat Ratna Shri Atal Bihari Vajpayee Ekana Cricket Stadium, Lucknow",2,Delhi Capitals,Lucknow Super Giants,Sameer Rizvi,2,16-30,23,15,19.12,3.88,23,153.33,127.49,25.84,16-30
2026,2026,1527678,2026-04-01,"Bharat Ratna Shri Atal Bihari Vajpayee Ekana Cricket Stadium, Lucknow",2,Delhi Capitals,Lucknow Super Giants,Sameer Rizvi,3,31-45,28,15,21.05,6.95,28,186.67,140.3,46.36,31-45
2026,2026,1527678,2026-04-01,"Bharat Ratna Shri Atal Bihari Vajpayee Ekana Cricket Stadium, Lucknow",2,Delhi Capitals,Lucknow Super Giants,Sameer Rizvi,4,46-60,7,2,3.1,3.9,7,350.0,155.07,194.93,46-60
2026,2026,1527678,2026-04-01,"Bharat Ratna Shri Atal Bihari Vajpayee Ekana Cricket Stadium, Lucknow",2,Delhi Capitals,Lucknow Super Giants,T Stubbs,1,1-15,19,15,15.31,3.69,19,126.67,102.08,24.59,1-15
2026,2026,1527678,2026-04-01,"Bharat Ratna Shri Atal Bihari Vajpayee Ekana Cricket Stadium, Lucknow",2,Delhi Capitals,Lucknow Super Giants,T Stubbs,2,16-30,19,15,20.52,-1.52,19,126.67,136.77,-10.1,16-30
2026,2026,1527678,2026-04-01,"Bharat Ratna Shri Atal Bihari Vajpayee Ekana Cricket Stadium, Lucknow",2,Delhi Capitals,Lucknow Super Giants,T Stubbs,3,31-45,1,2,3.25,-2.25,1,50.0,162.53,-112.53,31-45
2026,2026,1527679,2026-04-02,"Eden Gardens, Kolkata",1,Sunrisers Hyderabad,Kolkata Knight Riders,Abhishek Sharma,1,1-15,35,15,20.96,14.04,35,233.33,139.75,93.59,1-15
2026,2026,1527679,2026-04-02,"Eden Gardens, Kolkata",1,Sunrisers Hyderabad,Kolkata Knight Riders,Abhishek Sharma,2,16-30,13,6,9.23,3.77,13,216.67,153.76,62.9,16-30
2026,2026,1527679,2026-04-02,"Eden Gardens, Kolkata",1,Sunrisers Hyderabad,Kolkata Knight Riders,Aniket Verma,1,1-15,1,4,4.85,-3.85,1,25.0,121.24,-96.24,1-15
2026,2026,1527679,2026-04-02,"Eden Gardens, Kolkata",1,Sunrisers Hyderabad,Kolkata Knight Riders,H Klaasen,1,1-15,20,15,21.05,-1.05,20,133.33,140.35,-7.02,1-15
2026,2026,1527679,2026-04-02,"Eden Gardens, Kolkata",1,Sunrisers Hyderabad,Kolkata Knight Riders,H Klaasen,2,16-30,21,15,26.63,-5.63,21,140.0,177.53,-37.53,16-30
2026,2026,1527679,2026-04-02,"Eden Gardens, Kolkata",1,Sunrisers Hyderabad,Kolkata Knight Riders,H Klaasen,3,31-45,11,5,10.12,0.88,11,220.0,202.46,17.54,31-45
2026,2026,1527679,2026-04-02,"Eden Gardens, Kolkata",1,Sunrisers Hyderabad,Kolkata Knight Riders,Harsh Dubey,1,1-15,9,3,4.41,4.59,9,300.0,147.11,152.89,1-15
2026,2026,1527679,2026-04-02,"Eden Gardens, Kolkata",1,Sunrisers Hyderabad,Kolkata Knight Riders,Ishan Kishan,1,1-15,14,9,11.43,2.57,14,155.56,126.98,28.57,1-15
2026,2026,1527679,2026-04-02,"Eden Gardens, Kolkata",1,Sunrisers Hyderabad,Kolkata Knight Riders,Nithish Kumar Reddy,1,1-15,21,15,21.75,-0.75,21,140.0,145.0,-5.0,1-15
2026,2026,1527679,2026-04-02,"Eden Gardens, Kolkata",1,Sunrisers Hyderabad,Kolkata Knight Riders,Nithish Kumar Reddy,2,16-30,18,9,16.87,1.13,18,200.0,187.41,12.59,16-30
2026,2026,1527679,2026-04-02,"Eden Gardens, Kolkata",1,Sunrisers Hyderabad,Kolkata Knight Riders,S Arora,1,1-15,0,1,1.46,-1.46,0,0.0,145.67,-145.67,1-15
2026,2026,1527679,2026-04-02,"Eden Gardens, Kolkata",1,Sunrisers Hyderabad,Kolkata Knight Riders,Shivang Kumar,1,1-15,4,2,2.99,1.01,4,200.0,149.67,50.33,1-15
2026,2026,1527679,2026-04-02,"Eden Gardens, Kolkata",1,Sunrisers Hyderabad,Kolkata Knight Riders,TM Head,1,1-15,34,15,20.55,13.45,34,226.67,137.02,89.64,1-15
2026,2026,1527679,2026-04-02,"Eden Gardens, Kolkata",1,Sunrisers Hyderabad,Kolkata Knight Riders,TM Head,2,16-30,12,6,10.83,1.17,12,200.0,180.42,19.58,16-30
2026,2026,1527679,2026-04-02,"Eden Gardens, Kolkata",2,Kolkata Knight Riders,Sunrisers Hyderabad,A Raghuvanshi,1,1-15,30,15,19.63,10.37,30,200.0,130.87,69.13,1-15
2026,2026,1527679,2026-04-02,"Eden Gardens, Kolkata",2,Kolkata Knight Riders,Sunrisers Hyderabad,A Raghuvanshi,2,16-30,22,14,19.79,2.21,22,157.14,141.36,15.78,16-30
2026,2026,1527679,2026-04-02,"Eden Gardens, Kolkata",2,Kolkata Knight Riders,Sunrisers Hyderabad,AM Rahane,1,1-15,8,10,12.45,-4.45,8,80.0,124.46,-44.46,1-15
2026,2026,1527679,2026-04-02,"Eden Gardens, Kolkata",2,Kolkata Knight Riders,Sunrisers Hyderabad,AS Roy,1,1-15,0,2,2.28,-2.28,0,0.0,114.19,-114.19,1-15
2026,2026,1527679,2026-04-02,"Eden Gardens, Kolkata",2,Kolkata Knight Riders,Sunrisers Hyderabad,C Green,1,1-15,2,2,2.0,-0.0,2,100.0,100.15,-0.15,1-15
2026,2026,1527679,2026-04-02,"Eden Gardens, Kolkata",2,Kolkata Knight Riders,Sunrisers Hyderabad,CV Varun,1,1-15,0,1,1.0,-1.0,0,0.0,99.69,-99.69,1-15
2026,2026,1527679,2026-04-02,"Eden Gardens, Kolkata",2,Kolkata Knight Riders,Sunrisers Hyderabad,FH Allen,1,1-15,28,7,9.3,18.7,28,400.0,132.92,267.08,1-15
2026,2026,1527679,2026-04-02,"Eden Gardens, Kolkata",2,Kolkata Knight Riders,Sunrisers Hyderabad,Kartik Tyagi,1,1-15,5,5,5.74,-0.74,5,100.0,114.81,-14.81,1-15
2026,2026,1527679,2026-04-02,"Eden Gardens, Kolkata",2,Kolkata Knight Riders,Sunrisers Hyderabad,RK Singh,1,1-15,20,15,18.71,1.29,20,133.33,124.74,8.59,1-15
2026,2026,1527679,2026-04-02,"Eden Gardens, Kolkata",2,Kolkata Knight Riders,Sunrisers Hyderabad,RK Singh,2,16-30,15,10,15.28,-0.28,15,150.0,152.81,-2.81,16-30
2026,2026,1527679,2026-04-02,"Eden Gardens, Kolkata",2,Kolkata Knight Riders,Sunrisers Hyderabad,Ramandeep Singh,1,1-15,10,9,11.52,-1.52,10,111.11,127.98,-16.86,1-15
2026,2026,1527679,2026-04-02,"Eden Gardens, Kolkata",2,Kolkata Knight Riders,Sunrisers Hyderabad,SP Narine,1,1-15,12,4,5.13,6.87,12,300.0,128.13,171.87,1-15
2026,2026,1527679,2026-04-02,"Eden Gardens, Kolkata",2,Kolkata Knight Riders,Sunrisers Hyderabad,VG Arora,1,1-15,1,2,2.04,-1.04,1,50.0,102.2,-52.2,1-15
2026,2026,1527680,2026-04-03,"MA Chidambaram Stadium, Chepauk, Chennai",1,Chennai Super Kings,Punjab Kings,A Mhatre,1,1-15,23,15,20.59,2.41,23,153.33,137.3,16.04,1-15
2026,2026,1527680,2026-04-03,"MA Chidambaram Stadium, Chepauk, Chennai",1,Chennai Super Kings,Punjab Kings,A Mhatre,2,16-30,35,15,21.76,13.24,35,233.33,145.04,88.29,16-30
2026,2026,1527680,2026-04-03,"MA Chidambaram Stadium, Chepauk, Chennai",1,Chennai Super Kings,Punjab Kings,A Mhatre,3,31-45,15,13,19.18,-4.18,15,115.38,147.57,-32.19,31-45
2026,2026,1527680,2026-04-03,"MA Chidambaram Stadium, Chepauk, Chennai",1,Chennai Super Kings,Punjab Kings,Kartik Sharma,1,1-15,1,3,3.58,-2.58,1,33.33,119.45,-86.12,1-15
2026,2026,1527680,2026-04-03,"MA Chidambaram Stadium, Chepauk, Chennai",1,Chennai Super Kings,Punjab Kings,PR Veer,1,1-15,6,7,10.48,-4.48,6,85.71,149.66,-63.95,1-15
2026,2026,1527680,2026-04-03,"MA Chidambaram Stadium, Chepauk, Chennai",1,Chennai Super Kings,Punjab Kings,RD Gaikwad,1,1-15,20,15,19.92,0.08,20,133.33,132.79,0.54,1-15
2026,2026,1527680,2026-04-03,"MA Chidambaram Stadium, Chepauk, Chennai",1,Chennai Super Kings,Punjab Kings,RD Gaikwad,2,16-30,8,7,10.21,-2.21,8,114.29,145.81,-31.52,16-30
2026,2026,1527680,2026-04-03,"MA Chidambaram Stadium, Chepauk, Chennai",1,Chennai Super Kings,Punjab Kings,S Dube,1,1-15,20,15,21.25,-1.25,20,133.33,141.66,-8.33,1-15
2026,2026,1527680,2026-04-03,"MA Chidambaram Stadium, Chepauk, Chennai",1,Chennai Super Kings,Punjab Kings,S Dube,2,16-30,25,12,23.68,1.32,25,208.33,197.31,11.02,16-30
2026,2026,1527680,2026-04-03,"MA Chidambaram Stadium, Chepauk, Chennai",1,Chennai Super Kings,Punjab Kings,SN Khan,1,1-15,32,12,17.3,14.7,32,266.67,144.19,122.48,1-15
2026,2026,1527680,2026-04-03,"MA Chidambaram Stadium, Chepauk, Chennai",1,Chennai Super Kings,Punjab Kings,SV Samson,1,1-15,7,7,8.97,-1.97,7,100.0,128.2,-28.2,1-15
2026,2026,1527680,2026-04-03,"MA Chidambaram Stadium, Chepauk, Chennai",2,Punjab Kings,Chennai Super Kings,C Connolly,1,1-15,20,15,19.39,0.61,20,133.33,129.29,4.04,1-15
2026,2026,1527680,2026-04-03,"MA Chidambaram Stadium, Chepauk, Chennai",2,Punjab Kings,Chennai Super Kings,C Connolly,2,16-30,16,7,10.66,5.34,16,228.57,152.25,76.32,16-30
2026,2026,1527680,2026-04-03,"MA Chidambaram Stadium, Chepauk, Chennai",2,Punjab Kings,Chennai Super Kings,MP Stoinis,1,1-15,9,3,4.36,4.64,9,300.0,145.3,154.7,1-15
2026,2026,1527680,2026-04-03,"MA Chidambaram Stadium, Chepauk, Chennai",2,Punjab Kings,Chennai Super Kings,N Wadhera,1,1-15,10,9,12.86,-2.86,10,111.11,142.94,-31.83,1-15
2026,2026,1527680,2026-04-03,"MA Chidambaram Stadium, Chepauk, Chennai",2,Punjab Kings,Chennai Super Kings,P Simran Singh,1,1-15,19,15,21.3,-2.3,19,126.67,141.99,-15.32,1-15
2026,2026,1527680,2026-04-03,"MA Chidambaram Stadium, Chepauk, Chennai",2,Punjab Kings,Chennai Super Kings,P Simran Singh,2,16-30,18,15,23.85,-5.85,18,120.0,158.98,-38.98,16-30
2026,2026,1527680,2026-04-03,"MA Chidambaram Stadium, Chepauk, Chennai",2,Punjab Kings,Chennai Super Kings,P Simran Singh,3,31-45,6,4,5.79,0.21,6,150.0,144.68,5.32,31-45
2026,2026,1527680,2026-04-03,"MA Chidambaram Stadium, Chepauk, Chennai",2,Punjab Kings,Chennai Super Kings,Priyansh Arya,1,1-15,39,11,15.8,23.2,39,354.55,143.65,210.89,1-15
2026,2026,1527680,2026-04-03,"MA Chidambaram Stadium, Chepauk, Chennai",2,Punjab Kings,Chennai Super Kings,SS Iyer,1,1-15,25,15,21.1,3.9,25,166.67,140.66,26.0,1-15
2026,2026,1527680,2026-04-03,"MA Chidambaram Stadium, Chepauk, Chennai",2,Punjab Kings,Chennai Super Kings,SS Iyer,2,16-30,25,14,25.23,-0.23,25,178.57,180.23,-1.66,16-30
2026,2026,1527680,2026-04-03,"MA Chidambaram Stadium, Chepauk, Chennai",2,Punjab Kings,Chennai Super Kings,Shashank Singh,1,1-15,14,6,9.27,4.73,14,233.33,154.52,78.82,1-15
2026,2026,1527681,2026-04-04,"Arun Jaitley Stadium, Delhi",1,Mumbai Indians,Delhi Capitals,C Bosch,1,1-15,11,4,5.43,5.57,11,275.0,135.76,139.24,1-15
2026,2026,1527681,2026-04-04,"Arun Jaitley Stadium, Delhi",1,Mumbai Indians,Delhi Capitals,MJ Santner,1,1-15,18,13,18.51,-0.51,18,138.46,142.38,-3.92,1-15
2026,2026,1527681,2026-04-04,"Arun Jaitley Stadium, Delhi",1,Mumbai Indians,Delhi Capitals,Naman Dhir,1,1-15,25,15,18.13,6.87,25,166.67,120.85,45.82,1-15
2026,2026,1527681,2026-04-04,"Arun Jaitley Stadium, Delhi",1,Mumbai Indians,Delhi Capitals,Naman Dhir,2,16-30,3,6,10.31,-7.31,3,50.0,171.83,-121.83,16-30
2026,2026,1527681,2026-04-04,"Arun Jaitley Stadium, Delhi",1,Mumbai Indians,Delhi Capitals,RD Rickelton,1,1-15,9,11,14.75,-5.75,9,81.82,134.06,-52.24,1-15
2026,2026,1527681,2026-04-04,"Arun Jaitley Stadium, Delhi",1,Mumbai Indians,Delhi Capitals,RG Sharma,1,1-15,21,15,19.06,1.94,21,140.0,127.07,12.93,1-15
2026,2026,1527681,2026-04-04,"Arun Jaitley Stadium, Delhi",1,Mumbai Indians,Delhi Capitals,RG Sharma,2,16-30,14,11,14.17,-0.17,14,127.27,128.8,-1.53,16-30
2026,2026,1527681,2026-04-04,"Arun Jaitley Stadium, Delhi",1,Mumbai Indians,Delhi Capitals,SA Yadav,1,1-15,23,15,17.54,5.46,23,153.33,116.92,36.41,1-15
2026,2026,1527681,2026-04-04,"Arun Jaitley Stadium, Delhi",1,Mumbai Indians,Delhi Capitals,SA Yadav,2,16-30,20,15,19.52,0.48,20,133.33,130.12,3.21,16-30
2026,2026,1527681,2026-04-04,"Arun Jaitley Stadium, Delhi",1,Mumbai Indians,Delhi Capitals,SA Yadav,3,31-45,8,6,8.48,-0.48,8,133.33,141.34,-8.0,31-45
2026,2026,1527681,2026-04-04,"Arun Jaitley Stadium, Delhi",1,Mumbai Indians,Delhi Capitals,SE Rutherford,1,1-15,5,7,7.35,-2.35,5,71.43,104.97,-33.54,1-15
2026,2026,1527681,2026-04-04,"Arun Jaitley Stadium, Delhi",1,Mumbai Indians,Delhi Capitals,Tilak Varma,1,1-15,0,2,2.24,-2.24,0,0.0,112.23,-112.23,1-15
2026,2026,1527681,2026-04-04,"Arun Jaitley Stadium, Delhi",2,Delhi Capitals,Mumbai Indians,DA Miller,1,1-15,15,15,21.71,-6.71,15,100.0,144.73,-44.73,1-15
2026,2026,1527681,2026-04-04,"Arun Jaitley Stadium, Delhi",2,Delhi Capitals,Mumbai Indians,DA Miller,2,16-30,6,3,5.49,0.51,6,200.0,183.0,17.0,16-30
2026,2026,1527681,2026-04-04,"Arun Jaitley Stadium, Delhi",2,Delhi Capitals,Mumbai Indians,KL Rahul,1,1-15,1,3,3.43,-2.43,1,33.33,114.44,-81.1,1-15
2026,2026,1527681,2026-04-04,"Arun Jaitley Stadium, Delhi",2,Delhi Capitals,Mumbai Indians,N Rana,1,1-15,0,3,3.13,-3.13,0,0.0,104.31,-104.31,1-15
2026,2026,1527681,2026-04-04,"Arun Jaitley Stadium, Delhi",2,Delhi Capitals,Mumbai Indians,P Nissanka,1,1-15,21,15,18.02,2.98,21,140.0,120.13,19.87,1-15
2026,2026,1527681,2026-04-04,"Arun Jaitley Stadium, Delhi",2,Delhi Capitals,Mumbai Indians,P Nissanka,2,16-30,23,15,21.89,1.11,23,153.33,145.92,7.42,16-30
2026,2026,1527681,2026-04-04,"Arun Jaitley Stadium, Delhi",2,Delhi Capitals,Mumbai Indians,Sameer Rizvi,1,1-15,9,15,17.03,-8.03,9,60.0,113.53,-53.53,1-15
2026,2026,1527681,2026-04-04,"Arun Jaitley Stadium, Delhi",2,Delhi Capitals,Mumbai Indians,Sameer Rizvi,2,16-30,36,15,19.34,16.66,36,240.0,128.92,111.08,16-30
2026,2026,1527681,2026-04-04,"Arun Jaitley Stadium, Delhi",2,Delhi Capitals,Mumbai Indians,Sameer Rizvi,3,31-45,32,15,21.43,10.57,32,213.33,142.83,70.5,31-45
2026,2026,1527681,2026-04-04,"Arun Jaitley Stadium, Delhi",2,Delhi Capitals,Mumbai Indians,Sameer Rizvi,4,46-60,13,6,9.38,3.62,13,216.67,156.29,60.38,46-60
2026,2026,1527681,2026-04-04,"Arun Jaitley Stadium, Delhi",2,Delhi Capitals,Mumbai Indians,T Stubbs,1,1-15,3,4,5.58,-2.58,3,75.0,139.62,-64.62,1-15
2026,2026,1527682,2026-04-04,"Narendra Modi Stadium, Ahmedabad",1,Rajasthan Royals,Gujarat Titans,D Ferreira,1,1-15,1,3,3.96,-2.96,1,33.33,132.16,-98.83,1-15
2026,2026,1527682,2026-04-04,"Narendra Modi Stadium, Ahmedabad",1,Rajasthan Royals,Gujarat Titans,Dhruv Jurel,1,1-15,17,15,19.28,-2.28,17,113.33,128.55,-15.21,1-15
2026,2026,1527682,2026-04-04,"Narendra Modi Stadium, Ahmedabad",1,Rajasthan Royals,Gujarat Titans,Dhruv Jurel,2,16-30,33,15,24.14,8.86,33,220.0,160.92,59.08,16-30
2026,2026,1527682,2026-04-04,"Narendra Modi Stadium, Ahmedabad",1,Rajasthan Royals,Gujarat Titans,Dhruv Jurel,3,31-45,25,12,22.81,2.19,25,208.33,190.08,18.25,31-45
2026,2026,1527682,2026-04-04,"Narendra Modi Stadium, Ahmedabad",1,Rajasthan Royals,Gujarat Titans,JC Archer,1,1-15,1,2,3.0,-2.0,1,50.0,149.96,-99.96,1-15
2026,2026,1527682,2026-04-04,"Narendra Modi Stadium, Ahmedabad",1,Rajasthan Royals,Gujarat Titans,R Parag,1,1-15,8,4,5.03,2.97,8,200.0,125.71,74.29,1-15
2026,2026,1527682,2026-04-04,"Narendra Modi Stadium, Ahmedabad",1,Rajasthan Royals,Gujarat Titans,RA Jadeja,1,1-15,7,7,10.68,-3.68,7,100.0,152.51,-52.51,1-15
2026,2026,1527682,2026-04-04,"Narendra Modi Stadium, Ahmedabad",1,Rajasthan Royals,Gujarat Titans,SO Hetmyer,1,1-15,18,8,11.01,6.99,18,225.0,137.62,87.38,1-15
2026,2026,1527682,2026-04-04,"Narendra Modi Stadium, Ahmedabad",1,Rajasthan Royals,Gujarat Titans,V Suryavanshi,1,1-15,30,15,21.23,8.77,30,200.0,141.52,58.48,1-15
2026,2026,1527682,2026-04-04,"Narendra Modi Stadium, Ahmedabad",1,Rajasthan Royals,Gujarat Titans,V Suryavanshi,2,16-30,1,3,4.8,-3.8,1,33.33,160.0,-126.67,16-30
2026,2026,1527682,2026-04-04,"Narendra Modi Stadium, Ahmedabad",1,Rajasthan Royals,Gujarat Titans,YBK Jaiswal,1,1-15,24,15,20.95,3.05,24,160.0,139.7,20.3,1-15
2026,2026,1527682,2026-04-04,"Narendra Modi Stadium, Ahmedabad",1,Rajasthan Royals,Gujarat Titans,YBK Jaiswal,2,16-30,23,15,22.26,0.74,23,153.33,148.43,4.91,16-30
2026,2026,1527682,2026-04-04,"Narendra Modi Stadium, Ahmedabad",1,Rajasthan Royals,Gujarat Titans,YBK Jaiswal,3,31-45,8,6,9.22,-1.22,8,133.33,153.64,-20.3,31-45
2026,2026,1527682,2026-04-04,"Narendra Modi Stadium, Ahmedabad",2,Gujarat Titans,Rajasthan Royals,Ashok Sharma,1,1-15,0,1,1.31,-1.31,0,0.0,131.37,-131.37,1-15
2026,2026,1527682,2026-04-04,"Narendra Modi Stadium, Ahmedabad",2,Gujarat Titans,Rajasthan Royals,B Sai Sudharsan,1,1-15,21,15,22.72,-1.72,21,140.0,151.47,-11.47,1-15
2026,2026,1527682,2026-04-04,"Narendra Modi Stadium, Ahmedabad",2,Gujarat Titans,Rajasthan Royals,B Sai Sudharsan,2,16-30,26,15,24.43,1.57,26,173.33,162.85,10.48,16-30
2026,2026,1527682,2026-04-04,"Narendra Modi Stadium, Ahmedabad",2,Gujarat Titans,Rajasthan Royals,B Sai Sudharsan,3,31-45,26,14,19.9,6.1,26,185.71,142.11,43.6,31-45
2026,2026,1527682,2026-04-04,"Narendra Modi Stadium, Ahmedabad",2,Gujarat Titans,Rajasthan Royals,GD Phillips,1,1-15,3,4,4.83,-1.83,3,75.0,120.74,-45.74,1-15
2026,2026,1527682,2026-04-04,"Narendra Modi Stadium, Ahmedabad",2,Gujarat Titans,Rajasthan Royals,JC Buttler,1,1-15,26,14,18.7,7.3,26,185.71,133.54,52.18,1-15
2026,2026,1527682,2026-04-04,"Narendra Modi Stadium, Ahmedabad",2,Gujarat Titans,Rajasthan Royals,K Rabada,1,1-15,22,15,21.83,0.17,22,146.67,145.5,1.17,1-15
2026,2026,1527682,2026-04-04,"Narendra Modi Stadium, Ahmedabad",2,Gujarat Titans,Rajasthan Royals,K Rabada,2,16-30,1,1,1.86,-0.86,1,100.0,185.98,-85.98,16-30
2026,2026,1527682,2026-04-04,"Narendra Modi Stadium, Ahmedabad",2,Gujarat Titans,Rajasthan Royals,Kumar Kushagra,1,1-15,18,14,18.88,-0.88,18,128.57,134.88,-6.31,1-15
2026,2026,1527682,2026-04-04,"Narendra Modi Stadium, Ahmedabad",2,Gujarat Titans,Rajasthan Royals,M Shahrukh Khan,1,1-15,11,4,4.88,6.12,11,275.0,121.99,153.01,1-15
2026,2026,1527682,2026-04-04,"Narendra Modi Stadium, Ahmedabad",2,Gujarat Titans,Rajasthan Royals,R Tewatia,1,1-15,12,6,7.68,4.32,12,200.0,128.04,71.96,1-15
2026,2026,1527682,2026-04-04,"Narendra Modi Stadium, Ahmedabad",2,Gujarat Titans,Rajasthan Royals,Rashid Khan,1,1-15,24,15,21.97,2.03,24,160.0,146.44,13.56,1-15
2026,2026,1527682,2026-04-04,"Narendra Modi Stadium, Ahmedabad",2,Gujarat Titans,Rajasthan Royals,Rashid Khan,2,16-30,0,1,1.88,-1.88,0,0.0,188.21,-188.21,16-30
2026,2026,1527682,2026-04-04,"Narendra Modi Stadium, Ahmedabad",2,Gujarat Titans,Rajasthan Royals,Washington Sundar,1,1-15,4,2,2.41,1.59,4,200.0,120.29,79.71,1-15
2026,2026,1527683,2026-04-05,"Rajiv Gandhi International Stadium, Uppal, Hyderabad",1,Sunrisers Hyderabad,Lucknow Super Giants,Abhishek Sharma,1,1-15,0,2,2.1,-2.1,0,0.0,105.04,-105.04,1-15
2026,2026,1527683,2026-04-05,"Rajiv Gandhi International Stadium, Uppal, Hyderabad",1,Sunrisers Hyderabad,Lucknow Super Giants,Aniket Verma,1,1-15,2,5,6.18,-4.18,2,40.0,123.59,-83.59,1-15
2026,2026,1527683,2026-04-05,"Rajiv Gandhi International Stadium, Uppal, Hyderabad",1,Sunrisers Hyderabad,Lucknow Super Giants,H Klaasen,1,1-15,15,15,14.73,0.27,15,100.0,98.17,1.83,1-15
2026,2026,1527683,2026-04-05,"Rajiv Gandhi International Stadium, Uppal, Hyderabad",1,Sunrisers Hyderabad,Lucknow Super Giants,H Klaasen,2,16-30,33,15,18.85,14.15,33,220.0,125.64,94.36,16-30
2026,2026,1527683,2026-04-05,"Rajiv Gandhi International Stadium, Uppal, Hyderabad",1,Sunrisers Hyderabad,Lucknow Super Giants,H Klaasen,3,31-45,14,11,16.92,-2.92,14,127.27,153.79,-26.52,31-45
2026,2026,1527683,2026-04-05,"Rajiv Gandhi International Stadium, Uppal, Hyderabad",1,Sunrisers Hyderabad,Lucknow Super Giants,HV Patel,1,1-15,4,2,2.24,1.76,4,200.0,112.24,87.76,1-15
2026,2026,1527683,2026-04-05,"Rajiv Gandhi International Stadium, Uppal, Hyderabad",1,Sunrisers Hyderabad,Lucknow Super Giants,Harsh Dubey,1,1-15,0,1,1.18,-1.18,0,0.0,117.84,-117.84,1-15
2026,2026,1527683,2026-04-05,"Rajiv Gandhi International Stadium, Uppal, Hyderabad",1,Sunrisers Hyderabad,Lucknow Super Giants,Ishan Kishan,1,1-15,1,4,4.21,-3.21,1,25.0,105.14,-80.14,1-15
2026,2026,1527683,2026-04-05,"Rajiv Gandhi International Stadium, Uppal, Hyderabad",1,Sunrisers Hyderabad,Lucknow Super Giants,LS Livingstone,1,1-15,12,15,15.87,-3.87,12,80.0,105.83,-25.83,1-15
2026,2026,1527683,2026-04-05,"Rajiv Gandhi International Stadium, Uppal, Hyderabad",1,Sunrisers Hyderabad,Lucknow Super Giants,LS Livingstone,2,16-30,2,5,5.61,-3.61,2,40.0,112.27,-72.27,16-30
2026,2026,1527683,2026-04-05,"Rajiv Gandhi International Stadium, Uppal, Hyderabad",1,Sunrisers Hyderabad,Lucknow Super Giants,Nithish Kumar Reddy,1,1-15,11,15,14.52,-3.52,11,73.33,96.77,-23.44,1-15
2026,2026,1527683,2026-04-05,"Rajiv Gandhi International Stadium, Uppal, Hyderabad",1,Sunrisers Hyderabad,Lucknow Super Giants,Nithish Kumar Reddy,2,16-30,39,15,19.39,19.61,39,260.0,129.26,130.74,16-30
2026,2026,1527683,2026-04-05,"Rajiv Gandhi International Stadium, Uppal, Hyderabad",1,Sunrisers Hyderabad,Lucknow Super Giants,Nithish Kumar Reddy,3,31-45,6,3,4.88,1.12,6,200.0,162.63,37.37,31-45
2026,2026,1527683,2026-04-05,"Rajiv Gandhi International Stadium, Uppal, Hyderabad",1,Sunrisers Hyderabad,Lucknow Super Giants,Shivang Kumar,1,1-15,5,4,4.8,0.2,5,125.0,119.91,5.09,1-15
2026,2026,1527683,2026-04-05,"Rajiv Gandhi International Stadium, Uppal, Hyderabad",1,Sunrisers Hyderabad,Lucknow Super Giants,TM Head,1,1-15,7,8,8.94,-1.94,7,87.5,111.76,-24.26,1-15
2026,2026,1527683,2026-04-05,"Rajiv Gandhi International Stadium, Uppal, Hyderabad",2,Lucknow Super Giants,Sunrisers Hyderabad,A Badoni,1,1-15,12,9,10.54,1.46,12,133.33,117.08,16.25,1-15
2026,2026,1527683,2026-04-05,"Rajiv Gandhi International Stadium, Uppal, Hyderabad",2,Lucknow Super Giants,Sunrisers Hyderabad,AK Markram,1,1-15,22,15,20.42,1.58,22,146.67,136.16,10.5,1-15
2026,2026,1527683,2026-04-05,"Rajiv Gandhi International Stadium, Uppal, Hyderabad",2,Lucknow Super Giants,Sunrisers Hyderabad,AK Markram,2,16-30,23,12,18.21,4.79,23,191.67,151.76,39.91,16-30
2026,2026,1527683,2026-04-05,"Rajiv Gandhi International Stadium, Uppal, Hyderabad",2,Lucknow Super Giants,Sunrisers Hyderabad,Abdul Samad,1,1-15,16,12,15.99,0.01,16,133.33,133.28,0.05,1-15
2026,2026,1527683,2026-04-05,"Rajiv Gandhi International Stadium, Uppal, Hyderabad",2,Lucknow Super Giants,Sunrisers Hyderabad,MD Choudhary,1,1-15,2,5,6.88,-4.88,2,40.0,137.59,-97.59,1-15
2026,2026,1527683,2026-04-05,"Rajiv Gandhi International Stadium, Uppal, Hyderabad",2,Lucknow Super Giants,Sunrisers Hyderabad,MR Marsh,1,1-15,14,12,16.29,-2.29,14,116.67,135.71,-19.04,1-15
2026,2026,1527683,2026-04-05,"Rajiv Gandhi International Stadium, Uppal, Hyderabad",2,Lucknow Super Giants,Sunrisers Hyderabad,N Pooran,1,1-15,1,4,4.47,-3.47,1,25.0,111.85,-86.85,1-15
2026,2026,1527683,2026-04-05,"Rajiv Gandhi International Stadium, Uppal, Hyderabad",2,Lucknow Super Giants,Sunrisers Hyderabad,RR Pant,1,1-15,15,15,18.25,-3.25,15,100.0,121.68,-21.68,1-15
2026,2026,1527683,2026-04-05,"Rajiv Gandhi International Stadium, Uppal, Hyderabad",2,Lucknow Super Giants,Sunrisers Hyderabad,RR Pant,2,16-30,17,15,20.68,-3.68,17,113.33,137.86,-24.52,16-30
2026,2026,1527683,2026-04-05,"Rajiv Gandhi International Stadium, Uppal, Hyderabad",2,Lucknow Super Giants,Sunrisers Hyderabad,RR Pant,3,31-45,24,15,22.74,1.26,24,160.0,151.6,8.4,31-45
2026,2026,1527683,2026-04-05,"Rajiv Gandhi International Stadium, Uppal, Hyderabad",2,Lucknow Super Giants,Sunrisers Hyderabad,RR Pant,4,46-60,12,5,8.92,3.08,12,240.0,178.34,61.66,46-60
2026,2026,1527684,2026-04-05,"M Chinnaswamy Stadium, Bengaluru",1,Royal Challengers Bengaluru,Chennai Super Kings,D Padikkal,1,1-15,16,15,18.94,-2.94,16,106.67,126.25,-19.58,1-15
2026,2026,1527684,2026-04-05,"M Chinnaswamy Stadium, Bengaluru",1,Royal Challengers Bengaluru,Chennai Super Kings,D Padikkal,2,16-30,34,14,21.58,12.42,34,242.86,154.14,88.72,16-30
2026,2026,1527684,2026-04-05,"M Chinnaswamy Stadium, Bengaluru",1,Royal Challengers Bengaluru,Chennai Super Kings,PD Salt,1,1-15,20,15,20.28,-0.28,20,133.33,135.23,-1.89,1-15
2026,2026,1527684,2026-04-05,"M Chinnaswamy Stadium, Bengaluru",1,Royal Challengers Bengaluru,Chennai Super Kings,PD Salt,2,16-30,26,15,20.63,5.37,26,173.33,137.54,35.79,16-30
2026,2026,1527684,2026-04-05,"M Chinnaswamy Stadium, Bengaluru",1,Royal Challengers Bengaluru,Chennai Super Kings,RM Patidar,1,1-15,40,15,21.75,18.25,40,266.67,145.02,121.65,1-15
2026,2026,1527684,2026-04-05,"M Chinnaswamy Stadium, Bengaluru",1,Royal Challengers Bengaluru,Chennai Super Kings,RM Patidar,2,16-30,8,4,8.75,-0.75,8,200.0,218.85,-18.85,16-30
2026,2026,1527684,2026-04-05,"M Chinnaswamy Stadium, Bengaluru",1,Royal Challengers Bengaluru,Chennai Super Kings,TH David,1,1-15,28,15,24.6,3.4,28,186.67,163.97,22.7,1-15
2026,2026,1527684,2026-04-05,"M Chinnaswamy Stadium, Bengaluru",1,Royal Challengers Bengaluru,Chennai Super Kings,TH David,2,16-30,42,10,21.1,20.9,42,420.0,211.03,208.97,16-30
2026,2026,1527684,2026-04-05,"M Chinnaswamy Stadium, Bengaluru",1,Royal Challengers Bengaluru,Chennai Super Kings,V Kohli,1,1-15,24,15,20.84,3.16,24,160.0,138.93,21.07,1-15
2026,2026,1527684,2026-04-05,"M Chinnaswamy Stadium, Bengaluru",1,Royal Challengers Bengaluru,Chennai Super Kings,V Kohli,2,16-30,4,3,5.15,-1.15,4,133.33,171.64,-38.31,16-30
2026,2026,1527684,2026-04-05,"M Chinnaswamy Stadium, Bengaluru",2,Chennai Super Kings,Royal Challengers Bengaluru,A Kamboj,1,1-15,19,12,15.91,3.09,19,158.33,132.61,25.73,1-15
2026,2026,1527684,2026-04-05,"M Chinnaswamy Stadium, Bengaluru",2,Chennai Super Kings,Royal Challengers Bengaluru,A Mhatre,1,1-15,1,3,3.44,-2.44,1,33.33,114.53,-81.19,1-15
2026,2026,1527684,2026-04-05,"M Chinnaswamy Stadium, Bengaluru",2,Chennai Super Kings,Royal Challengers Bengaluru,J Overton,1,1-15,37,15,20.25,16.75,37,246.67,135.02,111.65,1-15
2026,2026,1527684,2026-04-05,"M Chinnaswamy Stadium, Bengaluru",2,Chennai Super Kings,Royal Challengers Bengaluru,J Overton,2,16-30,0,1,1.58,-1.58,0,0.0,157.91,-157.91,16-30
2026,2026,1527684,2026-04-05,"M Chinnaswamy Stadium, Bengaluru",2,Chennai Super Kings,Royal Challengers Bengaluru,Kartik Sharma,1,1-15,6,3,3.02,2.98,6,200.0,100.78,99.22,1-15
2026,2026,1527684,2026-04-05,"M Chinnaswamy Stadium, Bengaluru",2,Chennai Super Kings,Royal Challengers Bengaluru,MJ Henry,1,1-15,2,3,3.75,-1.75,2,66.67,125.02,-58.35,1-15
2026,2026,1527684,2026-04-05,"M Chinnaswamy Stadium, Bengaluru",2,Chennai Super Kings,Royal Challengers Bengaluru,Noor Ahmad,1,1-15,8,8,9.94,-1.94,8,100.0,124.2,-24.2,1-15
2026,2026,1527684,2026-04-05,"M Chinnaswamy Stadium, Bengaluru",2,Chennai Super Kings,Royal Challengers Bengaluru,PR Veer,1,1-15,17,15,18.97,-1.97,17,113.33,126.49,-13.16,1-15
2026,2026,1527684,2026-04-05,"M Chinnaswamy Stadium, Bengaluru",2,Chennai Super Kings,Royal Challengers Bengaluru,PR Veer,2,16-30,26,14,22.59,3.41,26,185.71,161.33,24.38,16-30
2026,2026,1527684,2026-04-05,"M Chinnaswamy Stadium, Bengaluru",2,Chennai Super Kings,Royal Challengers Bengaluru,RD Gaikwad,1,1-15,7,3,3.59,3.41,7,233.33,119.54,113.8,1-15
2026,2026,1527684,2026-04-05,"M Chinnaswamy Stadium, Bengaluru",2,Chennai Super Kings,Royal Challengers Bengaluru,S Dube,1,1-15,18,13,15.77,2.23,18,138.46,121.34,17.12,1-15
2026,2026,1527684,2026-04-05,"M Chinnaswamy Stadium, Bengaluru",2,Chennai Super Kings,Royal Challengers Bengaluru,SN Khan,1,1-15,32,15,19.1,12.9,32,213.33,127.3,86.03,1-15
2026,2026,1527684,2026-04-05,"M Chinnaswamy Stadium, Bengaluru",2,Chennai Super Kings,Royal Challengers Bengaluru,SN Khan,2,16-30,18,10,16.67,1.33,18,180.0,166.68,13.32,16-30
2026,2026,1527684,2026-04-05,"M Chinnaswamy Stadium, Bengaluru",2,Chennai Super Kings,Royal Challengers Bengaluru,SV Samson,1,1-15,9,5,5.69,3.31,9,180.0,113.81,66.19,1-15
2026,2026,1527685,2026-04-06,"Eden Gardens, Kolkata",1,Kolkata Knight Riders,Punjab Kings,A Raghuvanshi,1,1-15,7,7,7.84,-0.84,7,100.0,111.96,-11.96,1-15
2026,2026,1527685,2026-04-06,"Eden Gardens, Kolkata",1,Kolkata Knight Riders,Punjab Kings,AM Rahane,1,1-15,8,6,6.94,1.06,8,133.33,115.61,17.72,1-15
2026,2026,1527685,2026-04-06,"Eden Gardens, Kolkata",1,Kolkata Knight Riders,Punjab Kings,C Green,1,1-15,4,2,2.3,1.7,4,200.0,114.88,85.12,1-15
2026,2026,1527685,2026-04-06,"Eden Gardens, Kolkata",1,Kolkata Knight Riders,Punjab Kings,FH Allen,1,1-15,6,7,8.87,-2.87,6,85.71,126.66,-40.94,1-15
2026,2026,1527686,2026-04-07,"Barsapara Cricket Stadium, Guwahati",1,Rajasthan Royals,Mumbai Indians,Dhruv Jurel,1,1-15,2,3,3.45,-1.45,2,66.67,114.91,-48.24,1-15
2026,2026,1527686,2026-04-07,"Barsapara Cricket Stadium, Guwahati",1,Rajasthan Royals,Mumbai Indians,R Parag,1,1-15,20,10,12.9,7.1,20,200.0,129.04,70.96,1-15
2026,2026,1527686,2026-04-07,"Barsapara Cricket Stadium, Guwahati",1,Rajasthan Royals,Mumbai Indians,SO Hetmyer,1,1-15,6,7,9.17,-3.17,6,85.71,131.06,-45.35,1-15
2026,2026,1527686,2026-04-07,"Barsapara Cricket Stadium, Guwahati",1,Rajasthan Royals,Mumbai Indians,V Suryavanshi,1,1-15,39,14,20.34,18.66,39,278.57,145.25,133.32,1-15
2026,2026,1527686,2026-04-07,"Barsapara Cricket Stadium, Guwahati",1,Rajasthan Royals,Mumbai Indians,YBK Jaiswal,1,1-15,39,15,22.7,16.3,39,260.0,151.34,108.66,1-15
2026,2026,1527686,2026-04-07,"Barsapara Cricket Stadium, Guwahati",1,Rajasthan Royals,Mumbai Indians,YBK Jaiswal,2,16-30,30,15,24.26,5.74,30,200.0,161.75,38.25,16-30
2026,2026,1527686,2026-04-07,"Barsapara Cricket Stadium, Guwahati",1,Rajasthan Royals,Mumbai Indians,YBK Jaiswal,3,31-45,8,2,3.35,4.65,8,400.0,167.47,232.53,31-45
2026,2026,1527686,2026-04-07,"Barsapara Cricket Stadium, Guwahati",2,Mumbai Indians,Rajasthan Royals,DL Chahar,1,1-15,6,5,5.67,0.33,6,120.0,113.45,6.55,1-15
2026,2026,1527686,2026-04-07,"Barsapara Cricket Stadium, Guwahati",2,Mumbai Indians,Rajasthan Royals,HH Pandya,1,1-15,9,6,6.33,2.67,9,150.0,105.52,44.48,1-15
2026,2026,1527686,2026-04-07,"Barsapara Cricket Stadium, Guwahati",2,Mumbai Indians,Rajasthan Royals,JJ Bumrah,1,1-15,5,2,2.2,2.8,5,250.0,110.06,139.94,1-15
2026,2026,1527686,2026-04-07,"Barsapara Cricket Stadium, Guwahati",2,Mumbai Indians,Rajasthan Royals,Naman Dhir,1,1-15,25,13,13.44,11.56,25,192.31,103.39,88.92,1-15
2026,2026,1527686,2026-04-07,"Barsapara Cricket Stadium, Guwahati",2,Mumbai Indians,Rajasthan Royals,RD Rickelton,1,1-15,8,4,4.71,3.29,8,200.0,117.84,82.16,1-15
2026,2026,1527686,2026-04-07,"Barsapara Cricket Stadium, Guwahati",2,Mumbai Indians,Rajasthan Royals,RG Sharma,1,1-15,5,6,7.14,-2.14,5,83.33,119.0,-35.66,1-15
2026,2026,1527686,2026-04-07,"Barsapara Cricket Stadium, Guwahati",2,Mumbai Indians,Rajasthan Royals,SA Yadav,1,1-15,6,3,3.22,2.78,6,200.0,107.43,92.57,1-15
2026,2026,1527686,2026-04-07,"Barsapara Cricket Stadium, Guwahati",2,Mumbai Indians,Rajasthan Royals,SE Rutherford,1,1-15,25,8,8.51,16.49,25,312.5,106.37,206.13,1-15
2026,2026,1527686,2026-04-07,"Barsapara Cricket Stadium, Guwahati",2,Mumbai Indians,Rajasthan Royals,SN Thakur,1,1-15,8,7,7.95,0.05,8,114.29,113.55,0.73,1-15
2026,2026,1527686,2026-04-07,"Barsapara Cricket Stadium, Guwahati",2,Mumbai Indians,Rajasthan Royals,TA Boult,1,1-15,1,2,2.2,-1.2,1,50.0,109.94,-59.94,1-15
2026,2026,1527686,2026-04-07,"Barsapara Cricket Stadium, Guwahati",2,Mumbai Indians,Rajasthan Royals,Tilak Varma,1,1-15,14,10,11.27,2.73,14,140.0,112.71,27.29,1-15
2026,2026,1527687,2026-04-08,"Arun Jaitley Stadium, Delhi",1,Gujarat Titans,Delhi Capitals,B Sai Sudharsan,1,1-15,12,7,8.8,3.2,12,171.43,125.66,45.77,1-15
2026,2026,1527687,2026-04-08,"Arun Jaitley Stadium, Delhi",1,Gujarat Titans,Delhi Capitals,GD Phillips,1,1-15,14,9,15.3,-1.3,14,155.56,169.99,-14.43,1-15
2026,2026,1527687,2026-04-08,"Arun Jaitley Stadium, Delhi",1,Gujarat Titans,Delhi Capitals,JC Buttler,1,1-15,41,15,20.44,20.56,41,273.33,136.25,137.09,1-15
2026,2026,1527687,2026-04-08,"Arun Jaitley Stadium, Delhi",1,Gujarat Titans,Delhi Capitals,JC Buttler,2,16-30,11,12,19.05,-8.05,11,91.67,158.72,-67.05,16-30
2026,2026,1527687,2026-04-08,"Arun Jaitley Stadium, Delhi",1,Gujarat Titans,Delhi Capitals,R Tewatia,1,1-15,1,1,1.6,-0.6,1,100.0,160.05,-60.05,1-15
2026,2026,1527687,2026-04-08,"Arun Jaitley Stadium, Delhi",1,Gujarat Titans,Delhi Capitals,Shubman Gill,1,1-15,16,15,19.4,-3.4,16,106.67,129.36,-22.69,1-15
2026,2026,1527687,2026-04-08,"Arun Jaitley Stadium, Delhi",1,Gujarat Titans,Delhi Capitals,Shubman Gill,2,16-30,28,15,22.48,5.52,28,186.67,149.85,36.82,16-30
2026,2026,1527687,2026-04-08,"Arun Jaitley Stadium, Delhi",1,Gujarat Titans,Delhi Capitals,Shubman Gill,3,31-45,26,15,26.48,-0.48,26,173.33,176.53,-3.2,31-45
2026,2026,1527687,2026-04-08,"Arun Jaitley Stadium, Delhi",1,Gujarat Titans,Delhi Capitals,Washington Sundar,1,1-15,31,15,19.88,11.12,31,206.67,132.55,74.12,1-15
2026,2026,1527687,2026-04-08,"Arun Jaitley Stadium, Delhi",1,Gujarat Titans,Delhi Capitals,Washington Sundar,2,16-30,20,15,26.68,-6.68,20,133.33,177.86,-44.53,16-30
2026,2026,1527687,2026-04-08,"Arun Jaitley Stadium, Delhi",1,Gujarat Titans,Delhi Capitals,Washington Sundar,3,31-45,4,2,4.18,-0.18,4,200.0,208.98,-8.98,31-45
2026,2026,1527687,2026-04-08,"Arun Jaitley Stadium, Delhi",2,Delhi Capitals,Gujarat Titans,AR Patel,1,1-15,2,3,3.67,-1.67,2,66.67,122.22,-55.55,1-15
2026,2026,1527687,2026-04-08,"Arun Jaitley Stadium, Delhi",2,Delhi Capitals,Gujarat Titans,DA Miller,1,1-15,28,15,21.26,6.74,28,186.67,141.71,44.96,1-15
2026,2026,1527687,2026-04-08,"Arun Jaitley Stadium, Delhi",2,Delhi Capitals,Gujarat Titans,DA Miller,2,16-30,13,5,9.51,3.49,13,260.0,190.11,69.89,16-30
2026,2026,1527687,2026-04-08,"Arun Jaitley Stadium, Delhi",2,Delhi Capitals,Gujarat Titans,KL Rahul,1,1-15,19,15,21.09,-2.09,19,126.67,140.59,-13.93,1-15
2026,2026,1527687,2026-04-08,"Arun Jaitley Stadium, Delhi",2,Delhi Capitals,Gujarat Titans,KL Rahul,2,16-30,40,15,22.54,17.46,40,266.67,150.28,116.38,16-30
2026,2026,1527687,2026-04-08,"Arun Jaitley Stadium, Delhi",2,Delhi Capitals,Gujarat Titans,KL Rahul,3,31-45,23,15,22.51,0.49,23,153.33,150.09,3.24,31-45
2026,2026,1527687,2026-04-08,"Arun Jaitley Stadium, Delhi",2,Delhi Capitals,Gujarat Titans,KL Rahul,4,46-60,10,7,11.5,-1.5,10,142.86,164.27,-21.41,46-60
2026,2026,1527687,2026-04-08,"Arun Jaitley Stadium, Delhi",2,Delhi Capitals,Gujarat Titans,Kuldeep Yadav,1,1-15,1,1,1.36,-0.36,1,100.0,136.34,-36.34,1-15
2026,2026,1527687,2026-04-08,"Arun Jaitley Stadium, Delhi",2,Delhi Capitals,Gujarat Titans,N Rana,1,1-15,5,6,7.16,-2.16,5,83.33,119.28,-35.94,1-15
2026,2026,1527687,2026-04-08,"Arun Jaitley Stadium, Delhi",2,Delhi Capitals,Gujarat Titans,P Nissanka,1,1-15,31,15,20.76,10.24,31,206.67,138.42,68.25,1-15
2026,2026,1527687,2026-04-08,"Arun Jaitley Stadium, Delhi",2,Delhi Capitals,Gujarat Titans,P Nissanka,2,16-30,10,9,12.58,-2.58,10,111.11,139.76,-28.65,16-30
2026,2026,1527687,2026-04-08,"Arun Jaitley Stadium, Delhi",2,Delhi Capitals,Gujarat Titans,Sameer Rizvi,1,1-15,0,1,1.11,-1.11,0,0.0,110.62,-110.62,1-15
2026,2026,1527687,2026-04-08,"Arun Jaitley Stadium, Delhi",2,Delhi Capitals,Gujarat Titans,T Stubbs,1,1-15,7,6,8.08,-1.08,7,116.67,134.63,-17.96,1-15
2026,2026,1527687,2026-04-08,"Arun Jaitley Stadium, Delhi",2,Delhi Capitals,Gujarat Titans,V Nigam,1,1-15,12,7,10.26,1.74,12,171.43,146.57,24.86,1-15
2026,2026,1527688,2026-04-09,"Eden Gardens, Kolkata",1,Kolkata Knight Riders,Lucknow Super Giants,A Raghuvanshi,1,1-15,20,15,20.31,-0.31,20,133.33,135.38,-2.05,1-15
2026,2026,1527688,2026-04-09,"Eden Gardens, Kolkata",1,Kolkata Knight Riders,Lucknow Super Giants,A Raghuvanshi,2,16-30,23,15,20.92,2.08,23,153.33,139.44,13.9,16-30
2026,2026,1527688,2026-04-09,"Eden Gardens, Kolkata",1,Kolkata Knight Riders,Lucknow Super Giants,A Raghuvanshi,3,31-45,2,3,4.29,-2.29,2,66.67,143.11,-76.44,31-45
2026,2026,1527688,2026-04-09,"Eden Gardens, Kolkata",1,Kolkata Knight Riders,Lucknow Super Giants,AM Rahane,1,1-15,25,15,19.5,5.5,25,166.67,129.98,36.68,1-15
2026,2026,1527688,2026-04-09,"Eden Gardens, Kolkata",1,Kolkata Knight Riders,Lucknow Super Giants,AM Rahane,2,16-30,16,9,12.48,3.52,16,177.78,138.72,39.06,16-30
2026,2026,1527688,2026-04-09,"Eden Gardens, Kolkata",1,Kolkata Knight Riders,Lucknow Super Giants,C Green,1,1-15,13,15,19.68,-6.68,13,86.67,131.22,-44.56,1-15
2026,2026,1527688,2026-04-09,"Eden Gardens, Kolkata",1,Kolkata Knight Riders,Lucknow Super Giants,C Green,2,16-30,19,9,16.88,2.12,19,211.11,187.5,23.61,16-30
2026,2026,1527688,2026-04-09,"Eden Gardens, Kolkata",1,Kolkata Knight Riders,Lucknow Super Giants,FH Allen,1,1-15,9,8,10.05,-1.05,9,112.5,125.67,-13.17,1-15
2026,2026,1527688,2026-04-09,"Eden Gardens, Kolkata",1,Kolkata Knight Riders,Lucknow Super Giants,R Powell,1,1-15,27,15,20.72,6.28,27,180.0,138.11,41.89,1-15
2026,2026,1527688,2026-04-09,"Eden Gardens, Kolkata",1,Kolkata Knight Riders,Lucknow Super Giants,R Powell,2,16-30,12,9,17.34,-5.34,12,133.33,192.68,-59.35,16-30
2026,2026,1527688,2026-04-09,"Eden Gardens, Kolkata",1,Kolkata Knight Riders,Lucknow Super Giants,RK Singh,1,1-15,4,7,8.34,-4.34,4,57.14,119.08,-61.94,1-15
2026,2026,1527688,2026-04-09,"Eden Gardens, Kolkata",2,Lucknow Super Giants,Kolkata Knight Riders,A Badoni,1,1-15,22,15,18.29,3.71,22,146.67,121.93,24.74,1-15
2026,2026,1527688,2026-04-09,"Eden Gardens, Kolkata",2,Lucknow Super Giants,Kolkata Knight Riders,A Badoni,2,16-30,26,15,20.51,5.49,26,173.33,136.75,36.58,16-30
2026,2026,1527688,2026-04-09,"Eden Gardens, Kolkata",2,Lucknow Super Giants,Kolkata Knight Riders,A Badoni,3,31-45,6,4,5.88,0.12,6,150.0,147.03,2.97,31-45
2026,2026,1527688,2026-04-09,"Eden Gardens, Kolkata",2,Lucknow Super Giants,Kolkata Knight Riders,AK Markram,1,1-15,22,15,21.35,0.65,22,146.67,142.34,4.33,1-15
2026,2026,1527688,2026-04-09,"Eden Gardens, Kolkata",2,Lucknow Super Giants,Kolkata Knight Riders,Abdul Samad,1,1-15,2,4,4.18,-2.18,2,50.0,104.49,-54.49,1-15
2026,2026,1527688,2026-04-09,"Eden Gardens, Kolkata",2,Lucknow Super Giants,Kolkata Knight Riders,Avesh Khan,1,1-15,1,3,3.47,-2.47,1,33.33,115.56,-82.23,1-15
2026,2026,1527688,2026-04-09,"Eden Gardens, Kolkata",2,Lucknow Super Giants,Kolkata Knight Riders,MD Choudhary,1,1-15,25,15,18.53,6.47,25,166.67,123.52,43.14,1-15
2026,2026,1527688,2026-04-09,"Eden Gardens, Kolkata",2,Lucknow Super Giants,Kolkata Knight Riders,MD Choudhary,2,16-30,29,12,20.42,8.58,29,241.67,170.16,71.5,16-30
2026,2026,1527688,2026-04-09,"Eden Gardens, Kolkata",2,Lucknow Super Giants,Kolkata Knight Riders,MR Marsh,1,1-15,15,11,14.66,0.34,15,136.36,133.3,3.07,1-15
2026,2026,1527688,2026-04-09,"Eden Gardens, Kolkata",2,Lucknow Super Giants,Kolkata Knight Riders,Mohammed Shami,1,1-15,1,3,3.11,-2.11,1,33.33,103.78,-70.44,1-15
2026,2026,1527688,2026-04-09,"Eden Gardens, Kolkata",2,Lucknow Super Giants,Kolkata Knight Riders,N Pooran,1,1-15,13,15,17.96,-4.96,13,86.67,119.72,-33.06,1-15
2026,2026,1527688,2026-04-09,"Eden Gardens, Kolkata",2,Lucknow Super Giants,Kolkata Knight Riders,RR Pant,1,1-15,10,9,10.02,-0.02,10,111.11,111.38,-0.27,1-15
2026,2026,1527689,2026-04-10,"Barsapara Cricket Stadium, Guwahati",1,Royal Challengers Bengaluru,Rajasthan Royals,B Kumar,1,1-15,9,7,8.56,0.44,9,128.57,122.3,6.28,1-15
2026,2026,1527689,2026-04-10,"Barsapara Cricket Stadium, Guwahati",1,Royal Challengers Bengaluru,Rajasthan Royals,D Padikkal,1,1-15,14,7,7.97,6.03,14,200.0,113.85,86.15,1-15
2026,2026,1527689,2026-04-10,"Barsapara Cricket Stadium, Guwahati",1,Royal Challengers Bengaluru,Rajasthan Royals,JM Sharma,1,1-15,5,8,8.35,-3.35,5,62.5,104.32,-41.82,1-15
2026,2026,1527689,2026-04-10,"Barsapara Cricket Stadium, Guwahati",1,Royal Challengers Bengaluru,Rajasthan Royals,KH Pandya,1,1-15,1,6,6.24,-5.24,1,16.67,103.92,-87.26,1-15
2026,2026,1527689,2026-04-10,"Barsapara Cricket Stadium, Guwahati",1,Royal Challengers Bengaluru,Rajasthan Royals,PD Salt,1,1-15,0,1,1.03,-1.03,0,0.0,102.59,-102.59,1-15
2026,2026,1527689,2026-04-10,"Barsapara Cricket Stadium, Guwahati",1,Royal Challengers Bengaluru,Rajasthan Royals,R Shepherd,1,1-15,22,11,12.46,9.54,22,200.0,113.3,86.7,1-15
2026,2026,1527689,2026-04-10,"Barsapara Cricket Stadium, Guwahati",1,Royal Challengers Bengaluru,Rajasthan Royals,RM Patidar,1,1-15,15,15,17.05,-2.05,15,100.0,113.69,-13.69,1-15
2026,2026,1527689,2026-04-10,"Barsapara Cricket Stadium, Guwahati",1,Royal Challengers Bengaluru,Rajasthan Royals,RM Patidar,2,16-30,25,15,21.16,3.84,25,166.67,141.06,25.61,16-30
2026,2026,1527689,2026-04-10,"Barsapara Cricket Stadium, Guwahati",1,Royal Challengers Bengaluru,Rajasthan Royals,RM Patidar,3,31-45,23,10,16.3,6.7,23,230.0,163.01,66.99,31-45
2026,2026,1527689,2026-04-10,"Barsapara Cricket Stadium, Guwahati",1,Royal Challengers Bengaluru,Rajasthan Royals,TH David,1,1-15,13,9,9.83,3.17,13,144.44,109.22,35.22,1-15
2026,2026,1527689,2026-04-10,"Barsapara Cricket Stadium, Guwahati",1,Royal Challengers Bengaluru,Rajasthan Royals,V Kohli,1,1-15,32,15,19.33,12.67,32,213.33,128.85,84.49,1-15
2026,2026,1527689,2026-04-10,"Barsapara Cricket Stadium, Guwahati",1,Royal Challengers Bengaluru,Rajasthan Royals,V Kohli,2,16-30,0,1,1.57,-1.57,0,0.0,156.6,-156.6,16-30
2026,2026,1527689,2026-04-10,"Barsapara Cricket Stadium, Guwahati",1,Royal Challengers Bengaluru,Rajasthan Royals,VR Iyer,1,1-15,29,15,20.68,8.32,29,193.33,137.86,55.47,1-15
2026,2026,1527689,2026-04-10,"Barsapara Cricket Stadium, Guwahati",2,Rajasthan Royals,Royal Challengers Bengaluru,Dhruv Jurel,1,1-15,38,15,20.45,17.55,38,253.33,136.31,117.03,1-15
2026,2026,1527689,2026-04-10,"Barsapara Cricket Stadium, Guwahati",2,Rajasthan Royals,Royal Challengers Bengaluru,Dhruv Jurel,2,16-30,23,15,25.39,-2.39,23,153.33,169.26,-15.93,16-30
2026,2026,1527689,2026-04-10,"Barsapara Cricket Stadium, Guwahati",2,Rajasthan Royals,Royal Challengers Bengaluru,Dhruv Jurel,3,31-45,20,13,23.77,-3.77,20,153.85,182.84,-28.99,31-45
2026,2026,1527689,2026-04-10,"Barsapara Cricket Stadium, Guwahati",2,Rajasthan Royals,Royal Challengers Bengaluru,R Parag,1,1-15,3,5,6.61,-3.61,3,60.0,132.28,-72.28,1-15
2026,2026,1527689,2026-04-10,"Barsapara Cricket Stadium, Guwahati",2,Rajasthan Royals,Royal Challengers Bengaluru,RA Jadeja,1,1-15,15,15,21.98,-6.98,15,100.0,146.55,-46.55,1-15
2026,2026,1527689,2026-04-10,"Barsapara Cricket Stadium, Guwahati",2,Rajasthan Royals,Royal Challengers Bengaluru,RA Jadeja,2,16-30,9,10,17.96,-8.96,9,90.0,179.6,-89.6,16-30
2026,2026,1527689,2026-04-10,"Barsapara Cricket Stadium, Guwahati",2,Rajasthan Royals,Royal Challengers Bengaluru,SO Hetmyer,1,1-15,0,1,1.23,-1.23,0,0.0,123.15,-123.15,1-15
2026,2026,1527689,2026-04-10,"Barsapara Cricket Stadium, Guwahati",2,Rajasthan Royals,Royal Challengers Bengaluru,V Suryavanshi,1,1-15,53,15,20.41,32.59,53,353.33,136.05,217.29,1-15
2026,2026,1527689,2026-04-10,"Barsapara Cricket Stadium, Guwahati",2,Rajasthan Royals,Royal Challengers Bengaluru,V Suryavanshi,2,16-30,25,11,18.84,6.16,25,227.27,171.25,56.02,16-30
2026,2026,1527689,2026-04-10,"Barsapara Cricket Stadium, Guwahati",2,Rajasthan Royals,Royal Challengers Bengaluru,YBK Jaiswal,1,1-15,13,8,10.02,2.98,13,162.5,125.19,37.31,1-15
2026,2026,1527690,2026-04-11,"Maharaja Yadavindra Singh International Cricket Stadium, New Chandigarh",1,Sunrisers Hyderabad,Punjab Kings,Abhishek Sharma,1,1-15,41,15,21.79,19.21,41,273.33,145.28,128.06,1-15
2026,2026,1527690,2026-04-11,"Maharaja Yadavindra Singh International Cricket Stadium, New Chandigarh",1,Sunrisers Hyderabad,Punjab Kings,Abhishek Sharma,2,16-30,33,13,23.54,9.46,33,253.85,181.08,72.77,16-30
2026,2026,1527690,2026-04-11,"Maharaja Yadavindra Singh International Cricket Stadium, New Chandigarh",1,Sunrisers Hyderabad,Punjab Kings,Aniket Verma,1,1-15,18,9,13.88,4.12,18,200.0,154.2,45.8,1-15
2026,2026,1527690,2026-04-11,"Maharaja Yadavindra Singh International Cricket Stadium, New Chandigarh",1,Sunrisers Hyderabad,Punjab Kings,H Klaasen,1,1-15,16,15,21.69,-5.69,16,106.67,144.58,-37.91,1-15
2026,2026,1527690,2026-04-11,"Maharaja Yadavindra Singh International Cricket Stadium, New Chandigarh",1,Sunrisers Hyderabad,Punjab Kings,H Klaasen,2,16-30,21,15,27.92,-6.92,21,140.0,186.12,-46.12,16-30
2026,2026,1527690,2026-04-11,"Maharaja Yadavindra Singh International Cricket Stadium, New Chandigarh",1,Sunrisers Hyderabad,Punjab Kings,H Klaasen,3,31-45,2,3,6.27,-4.27,2,66.67,209.05,-142.39,31-45
2026,2026,1527690,2026-04-11,"Maharaja Yadavindra Singh International Cricket Stadium, New Chandigarh",1,Sunrisers Hyderabad,Punjab Kings,Harsh Dubey,1,1-15,1,2,3.11,-2.11,1,50.0,155.28,-105.28,1-15
2026,2026,1527690,2026-04-11,"Maharaja Yadavindra Singh International Cricket Stadium, New Chandigarh",1,Sunrisers Hyderabad,Punjab Kings,Ishan Kishan,1,1-15,26,15,21.8,4.2,26,173.33,145.31,28.02,1-15
2026,2026,1527690,2026-04-11,"Maharaja Yadavindra Singh International Cricket Stadium, New Chandigarh",1,Sunrisers Hyderabad,Punjab Kings,Ishan Kishan,2,16-30,1,2,3.44,-2.44,1,50.0,172.21,-122.21,16-30
2026,2026,1527690,2026-04-11,"Maharaja Yadavindra Singh International Cricket Stadium, New Chandigarh",1,Sunrisers Hyderabad,Punjab Kings,Nithish Kumar Reddy,1,1-15,0,1,1.53,-1.53,0,0.0,153.38,-153.38,1-15
2026,2026,1527690,2026-04-11,"Maharaja Yadavindra Singh International Cricket Stadium, New Chandigarh",1,Sunrisers Hyderabad,Punjab Kings,S Arora,1,1-15,9,8,13.13,-4.13,9,112.5,164.14,-51.64,1-15
2026,2026,1527690,2026-04-11,"Maharaja Yadavindra Singh International Cricket Stadium, New Chandigarh",1,Sunrisers Hyderabad,Punjab Kings,TM Head,1,1-15,31,15,21.68,9.32,31,206.67,144.55,62.12,1-15
2026,2026,1527690,2026-04-11,"Maharaja Yadavindra Singh International Cricket Stadium, New Chandigarh",1,Sunrisers Hyderabad,Punjab Kings,TM Head,2,16-30,7,8,13.47,-6.47,7,87.5,168.4,-80.9,16-30
2026,2026,1527690,2026-04-11,"Maharaja Yadavindra Singh International Cricket Stadium, New Chandigarh",2,Punjab Kings,Sunrisers Hyderabad,C Connolly,1,1-15,11,12,16.1,-5.1,11,91.67,134.15,-42.48,1-15
2026,2026,1527690,2026-04-11,"Maharaja Yadavindra Singh International Cricket Stadium, New Chandigarh",2,Punjab Kings,Sunrisers Hyderabad,N Wadhera,1,1-15,14,14,20.81,-6.81,14,100.0,148.65,-48.65,1-15
2026,2026,1527690,2026-04-11,"Maharaja Yadavindra Singh International Cricket Stadium, New Chandigarh",2,Punjab Kings,Sunrisers Hyderabad,P Simran Singh,1,1-15,36,15,21.13,14.87,36,240.0,140.85,99.15,1-15
2026,2026,1527690,2026-04-11,"Maharaja Yadavindra Singh International Cricket Stadium, New Chandigarh",2,Punjab Kings,Sunrisers Hyderabad,P Simran Singh,2,16-30,15,10,16.46,-1.46,15,150.0,164.64,-14.64,16-30
2026,2026,1527690,2026-04-11,"Maharaja Yadavindra Singh International Cricket Stadium, New Chandigarh",2,Punjab Kings,Sunrisers Hyderabad,Priyansh Arya,1,1-15,46,15,21.35,24.65,46,306.67,142.37,164.3,1-15
2026,2026,1527690,2026-04-11,"Maharaja Yadavindra Singh International Cricket Stadium, New Chandigarh",2,Punjab Kings,Sunrisers Hyderabad,Priyansh Arya,2,16-30,11,5,8.74,2.26,11,220.0,174.84,45.16,16-30
2026,2026,1527690,2026-04-11,"Maharaja Yadavindra Singh International Cricket Stadium, New Chandigarh",2,Punjab Kings,Sunrisers Hyderabad,SS Iyer,1,1-15,24,15,21.68,2.32,24,160.0,144.55,15.45,1-15
2026,2026,1527690,2026-04-11,"Maharaja Yadavindra Singh International Cricket Stadium, New Chandigarh",2,Punjab Kings,Sunrisers Hyderabad,SS Iyer,2,16-30,42,15,27.32,14.68,42,280.0,182.16,97.84,16-30
2026,2026,1527690,2026-04-11,"Maharaja Yadavindra Singh International Cricket Stadium, New Chandigarh",2,Punjab Kings,Sunrisers Hyderabad,SS Iyer,3,31-45,3,3,6.08,-3.08,3,100.0,202.52,-102.52,31-45
2026,2026,1527690,2026-04-11,"Maharaja Yadavindra Singh International Cricket Stadium, New Chandigarh",2,Punjab Kings,Sunrisers Hyderabad,Shashank Singh,1,1-15,16,9,14.86,1.14,16,177.78,165.13,12.64,1-15
2026,2026,1527691,2026-04-11,"MA Chidambaram Stadium, Chepauk, Chennai",1,Chennai Super Kings,Delhi Capitals,A Mhatre,1,1-15,24,15,18.79,5.21,24,160.0,125.26,34.74,1-15
2026,2026,1527691,2026-04-11,"MA Chidambaram Stadium, Chepauk, Chennai",1,Chennai Super Kings,Delhi Capitals,A Mhatre,2,16-30,30,15,23.86,6.14,30,200.0,159.08,40.92,16-30
2026,2026,1527691,2026-04-11,"MA Chidambaram Stadium, Chepauk, Chennai",1,Chennai Super Kings,Delhi Capitals,A Mhatre,3,31-45,5,6,11.04,-6.04,5,83.33,183.98,-100.64,31-45
2026,2026,1527691,2026-04-11,"MA Chidambaram Stadium, Chepauk, Chennai",1,Chennai Super Kings,Delhi Capitals,RD Gaikwad,1,1-15,13,15,21.34,-8.34,13,86.67,142.29,-55.62,1-15
2026,2026,1527691,2026-04-11,"MA Chidambaram Stadium, Chepauk, Chennai",1,Chennai Super Kings,Delhi Capitals,RD Gaikwad,2,16-30,2,3,4.78,-2.78,2,66.67,159.35,-92.69,16-30
2026,2026,1527691,2026-04-11,"MA Chidambaram Stadium, Chepauk, Chennai",1,Chennai Super Kings,Delhi Capitals,S Dube,1,1-15,20,10,17.67,2.33,20,200.0,176.69,23.31,1-15
2026,2026,1527691,2026-04-11,"MA Chidambaram Stadium, Chepauk, Chennai",1,Chennai Super Kings,Delhi Capitals,SV Samson,1,1-15,35,15,21.13,13.87,35,233.33,140.89,92.44,1-15
2026,2026,1527691,2026-04-11,"MA Chidambaram Stadium, Chepauk, Chennai",1,Chennai Super Kings,Delhi Capitals,SV Samson,2,16-30,21,15,21.91,-0.91,21,140.0,146.04,-6.04,16-30
2026,2026,1527691,2026-04-11,"MA Chidambaram Stadium, Chepauk, Chennai",1,Chennai Super Kings,Delhi Capitals,SV Samson,3,31-45,35,15,23.61,11.39,35,233.33,157.42,75.92,31-45
2026,2026,1527691,2026-04-11,"MA Chidambaram Stadium, Chepauk, Chennai",1,Chennai Super Kings,Delhi Capitals,SV Samson,4,46-60,24,11,20.68,3.32,24,218.18,188.03,30.15,46-60
2026,2026,1527691,2026-04-11,"MA Chidambaram Stadium, Chepauk, Chennai",2,Delhi Capitals,Chennai Super Kings,AR Patel,1,1-15,1,2,2.02,-1.02,1,50.0,100.85,-50.85,1-15
2026,2026,1527691,2026-04-11,"MA Chidambaram Stadium, Chepauk, Chennai",2,Delhi Capitals,Chennai Super Kings,Ashutosh Sharma,1,1-15,19,10,13.12,5.88,19,190.0,131.2,58.8,1-15
2026,2026,1527691,2026-04-11,"MA Chidambaram Stadium, Chepauk, Chennai",2,Delhi Capitals,Chennai Super Kings,Auqib Nabi,1,1-15,4,2,2.35,1.65,4,200.0,117.69,82.31,1-15
2026,2026,1527691,2026-04-11,"MA Chidambaram Stadium, Chepauk, Chennai",2,Delhi Capitals,Chennai Super Kings,DA Miller,1,1-15,17,14,16.83,0.17,17,121.43,120.2,1.23,1-15
2026,2026,1527691,2026-04-11,"MA Chidambaram Stadium, Chepauk, Chennai",2,Delhi Capitals,Chennai Super Kings,KL Rahul,1,1-15,18,10,13.13,4.87,18,180.0,131.26,48.74,1-15
2026,2026,1527691,2026-04-11,"MA Chidambaram Stadium, Chepauk, Chennai",2,Delhi Capitals,Chennai Super Kings,Kuldeep Yadav,1,1-15,4,7,8.88,-4.88,4,57.14,126.85,-69.7,1-15
2026,2026,1527691,2026-04-11,"MA Chidambaram Stadium, Chepauk, Chennai",2,Delhi Capitals,Chennai Super Kings,L Ngidi,1,1-15,3,5,6.2,-3.2,3,60.0,124.0,-64.0,1-15
2026,2026,1527691,2026-04-11,"MA Chidambaram Stadium, Chepauk, Chennai",2,Delhi Capitals,Chennai Super Kings,P Nissanka,1,1-15,27,15,21.65,5.35,27,180.0,144.35,35.65,1-15
2026,2026,1527691,2026-04-11,"MA Chidambaram Stadium, Chepauk, Chennai",2,Delhi Capitals,Chennai Super Kings,P Nissanka,2,16-30,14,9,16.19,-2.19,14,155.56,179.91,-24.36,16-30
2026,2026,1527691,2026-04-11,"MA Chidambaram Stadium, Chepauk, Chennai",2,Delhi Capitals,Chennai Super Kings,Sameer Rizvi,1,1-15,6,9,10.03,-4.03,6,66.67,111.43,-44.76,1-15
2026,2026,1527691,2026-04-11,"MA Chidambaram Stadium, Chepauk, Chennai",2,Delhi Capitals,Chennai Super Kings,T Natarajan,1,1-15,1,2,2.32,-1.32,1,50.0,116.09,-66.09,1-15
2026,2026,1527691,2026-04-11,"MA Chidambaram Stadium, Chepauk, Chennai",2,Delhi Capitals,Chennai Super Kings,T Stubbs,1,1-15,22,15,18.06,3.94,22,146.67,120.39,26.28,1-15
2026,2026,1527691,2026-04-11,"MA Chidambaram Stadium, Chepauk, Chennai",2,Delhi Capitals,Chennai Super Kings,T Stubbs,2,16-30,28,15,23.65,4.35,28,186.67,157.69,28.97,16-30
2026,2026,1527691,2026-04-11,"MA Chidambaram Stadium, Chepauk, Chennai",2,Delhi Capitals,Chennai Super Kings,T Stubbs,3,31-45,10,8,14.35,-4.35,10,125.0,179.36,-54.36,31-45
2026,2026,1527692,2026-04-12,"Bharat Ratna Shri Atal Bihari Vajpayee Ekana Cricket Stadium, Lucknow",1,Lucknow Super Giants,Gujarat Titans,A Badoni,1,1-15,9,11,12.66,-3.66,9,81.82,115.13,-33.32,1-15
2026,2026,1527692,2026-04-12,"Bharat Ratna Shri Atal Bihari Vajpayee Ekana Cricket Stadium, Lucknow",1,Lucknow Super Giants,Gujarat Titans,AK Markram,1,1-15,22,15,19.91,2.09,22,146.67,132.72,13.94,1-15
2026,2026,1527692,2026-04-12,"Bharat Ratna Shri Atal Bihari Vajpayee Ekana Cricket Stadium, Lucknow",1,Lucknow Super Giants,Gujarat Titans,AK Markram,2,16-30,8,6,8.22,-0.22,8,133.33,136.99,-3.66,16-30
2026,2026,1527692,2026-04-12,"Bharat Ratna Shri Atal Bihari Vajpayee Ekana Cricket Stadium, Lucknow",1,Lucknow Super Giants,Gujarat Titans,Abdul Samad,1,1-15,13,15,17.11,-4.11,13,86.67,114.06,-27.39,1-15
2026,2026,1527692,2026-04-12,"Bharat Ratna Shri Atal Bihari Vajpayee Ekana Cricket Stadium, Lucknow",1,Lucknow Super Giants,Gujarat Titans,Abdul Samad,2,16-30,5,7,9.62,-4.62,5,71.43,137.37,-65.94,16-30
2026,2026,1527692,2026-04-12,"Bharat Ratna Shri Atal Bihari Vajpayee Ekana Cricket Stadium, Lucknow",1,Lucknow Super Giants,Gujarat Titans,Avesh Khan,1,1-15,4,1,1.12,2.88,4,400.0,111.91,288.09,1-15
2026,2026,1527692,2026-04-12,"Bharat Ratna Shri Atal Bihari Vajpayee Ekana Cricket Stadium, Lucknow",1,Lucknow Super Giants,Gujarat Titans,GF Linde,1,1-15,16,10,12.67,3.33,16,160.0,126.67,33.33,1-15
2026,2026,1527692,2026-04-12,"Bharat Ratna Shri Atal Bihari Vajpayee Ekana Cricket Stadium, Lucknow",1,Lucknow Super Giants,Gujarat Titans,MD Choudhary,1,1-15,18,14,17.93,0.07,18,128.57,128.07,0.5,1-15
2026,2026,1527692,2026-04-12,"Bharat Ratna Shri Atal Bihari Vajpayee Ekana Cricket Stadium, Lucknow",1,Lucknow Super Giants,Gujarat Titans,MR Marsh,1,1-15,11,4,4.84,6.16,11,275.0,121.03,153.97,1-15
2026,2026,1527692,2026-04-12,"Bharat Ratna Shri Atal Bihari Vajpayee Ekana Cricket Stadium, Lucknow",1,Lucknow Super Giants,Gujarat Titans,Mohammed Shami,1,1-15,12,5,6.0,6.0,12,240.0,119.99,120.01,1-15
2026,2026,1527692,2026-04-12,"Bharat Ratna Shri Atal Bihari Vajpayee Ekana Cricket Stadium, Lucknow",1,Lucknow Super Giants,Gujarat Titans,N Pooran,1,1-15,12,15,17.1,-5.1,12,80.0,113.99,-33.99,1-15
2026,2026,1527692,2026-04-12,"Bharat Ratna Shri Atal Bihari Vajpayee Ekana Cricket Stadium, Lucknow",1,Lucknow Super Giants,Gujarat Titans,N Pooran,2,16-30,7,6,8.29,-1.29,7,116.67,138.12,-21.45,16-30
2026,2026,1527692,2026-04-12,"Bharat Ratna Shri Atal Bihari Vajpayee Ekana Cricket Stadium, Lucknow",1,Lucknow Super Giants,Gujarat Titans,RR Pant,1,1-15,18,11,14.03,3.97,18,163.64,127.53,36.1,1-15
2026,2026,1527692,2026-04-12,"Bharat Ratna Shri Atal Bihari Vajpayee Ekana Cricket Stadium, Lucknow",2,Gujarat Titans,Lucknow Super Giants,B Sai Sudharsan,1,1-15,15,14,19.06,-4.06,15,107.14,136.15,-29.0,1-15
2026,2026,1527692,2026-04-12,"Bharat Ratna Shri Atal Bihari Vajpayee Ekana Cricket Stadium, Lucknow",2,Gujarat Titans,Lucknow Super Giants,JC Buttler,1,1-15,22,15,18.62,3.38,22,146.67,124.11,22.55,1-15
2026,2026,1527692,2026-04-12,"Bharat Ratna Shri Atal Bihari Vajpayee Ekana Cricket Stadium, Lucknow",2,Gujarat Titans,Lucknow Super Giants,JC Buttler,2,16-30,32,15,22.1,9.9,32,213.33,147.33,66.01,16-30
2026,2026,1527692,2026-04-12,"Bharat Ratna Shri Atal Bihari Vajpayee Ekana Cricket Stadium, Lucknow",2,Gujarat Titans,Lucknow Super Giants,JC Buttler,3,31-45,6,7,11.07,-5.07,6,85.71,158.14,-72.43,31-45
2026,2026,1527692,2026-04-12,"Bharat Ratna Shri Atal Bihari Vajpayee Ekana Cricket Stadium, Lucknow",2,Gujarat Titans,Lucknow Super Giants,R Tewatia,1,1-15,10,8,12.18,-2.18,10,125.0,152.3,-27.3,1-15
2026,2026,1527692,2026-04-12,"Bharat Ratna Shri Atal Bihari Vajpayee Ekana Cricket Stadium, Lucknow",2,Gujarat Titans,Lucknow Super Giants,Shubman Gill,1,1-15,22,15,20.93,1.07,22,146.67,139.53,7.14,1-15
2026,2026,1527692,2026-04-12,"Bharat Ratna Shri Atal Bihari Vajpayee Ekana Cricket Stadium, Lucknow",2,Gujarat Titans,Lucknow Super Giants,Shubman Gill,2,16-30,25,15,21.38,3.62,25,166.67,142.51,24.16,16-30
2026,2026,1527692,2026-04-12,"Bharat Ratna Shri Atal Bihari Vajpayee Ekana Cricket Stadium, Lucknow",2,Gujarat Titans,Lucknow Super Giants,Shubman Gill,3,31-45,9,10,14.98,-5.98,9,90.0,149.82,-59.82,31-45
2026,2026,1527692,2026-04-12,"Bharat Ratna Shri Atal Bihari Vajpayee Ekana Cricket Stadium, Lucknow",2,Gujarat Titans,Lucknow Super Giants,Washington Sundar,1,1-15,21,13,20.77,0.23,21,161.54,159.74,1.8,1-15
2026,2026,1527693,2026-04-12,"Wankhede Stadium, Mumbai",1,Royal Challengers Bengaluru,Mumbai Indians,JM Sharma,1,1-15,10,9,15.03,-5.03,10,111.11,166.97,-55.86,1-15
2026,2026,1527693,2026-04-12,"Wankhede Stadium, Mumbai",1,Royal Challengers Bengaluru,Mumbai Indians,PD Salt,1,1-15,34,15,20.85,13.15,34,226.67,139.03,87.64,1-15
2026,2026,1527693,2026-04-12,"Wankhede Stadium, Mumbai",1,Royal Challengers Bengaluru,Mumbai Indians,PD Salt,2,16-30,35,15,23.95,11.05,35,233.33,159.65,73.68,16-30
2026,2026,1527693,2026-04-12,"Wankhede Stadium, Mumbai",1,Royal Challengers Bengaluru,Mumbai Indians,PD Salt,3,31-45,9,6,9.51,-0.51,9,150.0,158.51,-8.51,31-45
2026,2026,1527693,2026-04-12,"Wankhede Stadium, Mumbai",1,Royal Challengers Bengaluru,Mumbai Indians,R Shepherd,1,1-15,2,2,3.38,-1.38,2,100.0,168.79,-68.79,1-15
2026,2026,1527693,2026-04-12,"Wankhede Stadium, Mumbai",1,Royal Challengers Bengaluru,Mumbai Indians,RM Patidar,1,1-15,48,15,22.29,25.71,48,320.0,148.57,171.43,1-15
2026,2026,1527693,2026-04-12,"Wankhede Stadium, Mumbai",1,Royal Challengers Bengaluru,Mumbai Indians,RM Patidar,2,16-30,5,5,9.4,-4.4,5,100.0,188.08,-88.08,16-30
2026,2026,1527693,2026-04-12,"Wankhede Stadium, Mumbai",1,Royal Challengers Bengaluru,Mumbai Indians,TH David,1,1-15,28,15,26.91,1.09,28,186.67,179.43,7.24,1-15
2026,2026,1527693,2026-04-12,"Wankhede Stadium, Mumbai",1,Royal Challengers Bengaluru,Mumbai Indians,TH David,2,16-30,6,1,2.15,3.85,6,600.0,214.79,385.21,16-30
2026,2026,1527693,2026-04-12,"Wankhede Stadium, Mumbai",1,Royal Challengers Bengaluru,Mumbai Indians,V Kohli,1,1-15,22,15,20.76,1.24,22,146.67,138.43,8.24,1-15
2026,2026,1527693,2026-04-12,"Wankhede Stadium, Mumbai",1,Royal Challengers Bengaluru,Mumbai Indians,V Kohli,2,16-30,17,15,22.42,-5.42,17,113.33,149.45,-36.12,16-30
2026,2026,1527693,2026-04-12,"Wankhede Stadium, Mumbai",1,Royal Challengers Bengaluru,Mumbai Indians,V Kohli,3,31-45,11,8,14.65,-3.65,11,137.5,183.08,-45.58,31-45
2026,2026,1527693,2026-04-12,"Wankhede Stadium, Mumbai",2,Mumbai Indians,Royal Challengers Bengaluru,HH Pandya,1,1-15,28,15,19.64,8.36,28,186.67,130.91,55.76,1-15
2026,2026,1527693,2026-04-12,"Wankhede Stadium, Mumbai",2,Mumbai Indians,Royal Challengers Bengaluru,HH Pandya,2,16-30,12,7,11.2,0.8,12,171.43,160.01,11.42,16-30
2026,2026,1527693,2026-04-12,"Wankhede Stadium, Mumbai",2,Mumbai Indians,Royal Challengers Bengaluru,MJ Santner,1,1-15,8,6,8.44,-0.44,8,133.33,140.59,-7.26,1-15
2026,2026,1527693,2026-04-12,"Wankhede Stadium, Mumbai",2,Mumbai Indians,Royal Challengers Bengaluru,Naman Dhir,1,1-15,1,2,2.52,-1.52,1,50.0,126.16,-76.16,1-15
2026,2026,1527693,2026-04-12,"Wankhede Stadium, Mumbai",2,Mumbai Indians,Royal Challengers Bengaluru,RD Rickelton,1,1-15,29,15,20.89,8.11,29,193.33,139.26,54.07,1-15
2026,2026,1527693,2026-04-12,"Wankhede Stadium, Mumbai",2,Mumbai Indians,Royal Challengers Bengaluru,RD Rickelton,2,16-30,8,7,11.04,-3.04,8,114.29,157.7,-43.41,16-30
2026,2026,1527693,2026-04-12,"Wankhede Stadium, Mumbai",2,Mumbai Indians,Royal Challengers Bengaluru,RG Sharma,1,1-15,19,13,17.87,1.13,19,146.15,137.43,8.72,1-15
2026,2026,1527693,2026-04-12,"Wankhede Stadium, Mumbai",2,Mumbai Indians,Royal Challengers Bengaluru,SA Yadav,1,1-15,26,15,19.16,6.84,26,173.33,127.75,45.58,1-15
2026,2026,1527693,2026-04-12,"Wankhede Stadium, Mumbai",2,Mumbai Indians,Royal Challengers Bengaluru,SA Yadav,2,16-30,7,7,10.29,-3.29,7,100.0,147.05,-47.05,16-30
2026,2026,1527693,2026-04-12,"Wankhede Stadium, Mumbai",2,Mumbai Indians,Royal Challengers Bengaluru,SE Rutherford,1,1-15,23,15,21.65,1.35,23,153.33,144.32,9.02,1-15
2026,2026,1527693,2026-04-12,"Wankhede Stadium, Mumbai",2,Mumbai Indians,Royal Challengers Bengaluru,SE Rutherford,2,16-30,42,15,29.19,12.81,42,280.0,194.59,85.41,16-30
2026,2026,1527693,2026-04-12,"Wankhede Stadium, Mumbai",2,Mumbai Indians,Royal Challengers Bengaluru,SE Rutherford,3,31-45,6,1,2.12,3.88,6,600.0,211.88,388.12,31-45
2026,2026,1527693,2026-04-12,"Wankhede Stadium, Mumbai",2,Mumbai Indians,Royal Challengers Bengaluru,Tilak Varma,1,1-15,1,3,3.21,-2.21,1,33.33,107.01,-73.68,1-15
2026,2026,1529264,2026-04-13,"Rajiv Gandhi International Stadium, Uppal, Hyderabad",1,Sunrisers Hyderabad,Rajasthan Royals,Abhishek Sharma,1,1-15,0,1,1.03,-1.03,0,0.0,102.59,-102.59,1-15
2026,2026,1529264,2026-04-13,"Rajiv Gandhi International Stadium, Uppal, Hyderabad",1,Sunrisers Hyderabad,Rajasthan Royals,Aniket Verma,1,1-15,6,5,8.06,-2.06,6,120.0,161.21,-41.21,1-15
2026,2026,1529264,2026-04-13,"Rajiv Gandhi International Stadium, Uppal, Hyderabad",1,Sunrisers Hyderabad,Rajasthan Royals,H Klaasen,1,1-15,28,15,18.34,9.66,28,186.67,122.27,64.4,1-15
2026,2026,1529264,2026-04-13,"Rajiv Gandhi International Stadium, Uppal, Hyderabad",1,Sunrisers Hyderabad,Rajasthan Royals,H Klaasen,2,16-30,12,11,18.23,-6.23,12,109.09,165.74,-56.65,16-30
2026,2026,1529264,2026-04-13,"Rajiv Gandhi International Stadium, Uppal, Hyderabad",1,Sunrisers Hyderabad,Rajasthan Royals,Ishan Kishan,1,1-15,21,15,18.66,2.34,21,140.0,124.43,15.57,1-15
2026,2026,1529264,2026-04-13,"Rajiv Gandhi International Stadium, Uppal, Hyderabad",1,Sunrisers Hyderabad,Rajasthan Royals,Ishan Kishan,2,16-30,34,15,21.29,12.71,34,226.67,141.92,84.75,16-30
2026,2026,1529264,2026-04-13,"Rajiv Gandhi International Stadium, Uppal, Hyderabad",1,Sunrisers Hyderabad,Rajasthan Royals,Ishan Kishan,3,31-45,36,14,20.58,15.42,36,257.14,147.01,110.13,31-45
2026,2026,1529264,2026-04-13,"Rajiv Gandhi International Stadium, Uppal, Hyderabad",1,Sunrisers Hyderabad,Rajasthan Royals,Nithish Kumar Reddy,1,1-15,28,13,20.52,7.48,28,215.38,157.85,57.54,1-15
2026,2026,1529264,2026-04-13,"Rajiv Gandhi International Stadium, Uppal, Hyderabad",1,Sunrisers Hyderabad,Rajasthan Royals,S Arora,1,1-15,24,13,21.18,2.82,24,184.62,162.9,21.71,1-15
2026,2026,1529264,2026-04-13,"Rajiv Gandhi International Stadium, Uppal, Hyderabad",1,Sunrisers Hyderabad,Rajasthan Royals,TM Head,1,1-15,16,15,19.28,-3.28,16,106.67,128.55,-21.88,1-15
2026,2026,1529264,2026-04-13,"Rajiv Gandhi International Stadium, Uppal, Hyderabad",1,Sunrisers Hyderabad,Rajasthan Royals,TM Head,2,16-30,2,3,3.97,-1.97,2,66.67,132.39,-65.72,16-30
2026,2026,1529264,2026-04-13,"Rajiv Gandhi International Stadium, Uppal, Hyderabad",2,Rajasthan Royals,Sunrisers Hyderabad,D Ferreira,1,1-15,24,15,13.98,10.02,24,160.0,93.23,66.77,1-15
2026,2026,1529264,2026-04-13,"Rajiv Gandhi International Stadium, Uppal, Hyderabad",2,Rajasthan Royals,Sunrisers Hyderabad,D Ferreira,2,16-30,23,15,18.42,4.58,23,153.33,122.78,30.55,16-30
2026,2026,1529264,2026-04-13,"Rajiv Gandhi International Stadium, Uppal, Hyderabad",2,Rajasthan Royals,Sunrisers Hyderabad,D Ferreira,3,31-45,22,14,20.6,1.4,22,157.14,147.16,9.98,31-45
2026,2026,1529264,2026-04-13,"Rajiv Gandhi International Stadium, Uppal, Hyderabad",2,Rajasthan Royals,Sunrisers Hyderabad,Dhruv Jurel,1,1-15,0,2,2.0,-2.0,0,0.0,99.89,-99.89,1-15
2026,2026,1529264,2026-04-13,"Rajiv Gandhi International Stadium, Uppal, Hyderabad",2,Rajasthan Royals,Sunrisers Hyderabad,JC Archer,1,1-15,2,5,5.3,-3.3,2,40.0,105.95,-65.95,1-15
2026,2026,1529264,2026-04-13,"Rajiv Gandhi International Stadium, Uppal, Hyderabad",2,Rajasthan Royals,Sunrisers Hyderabad,LG Pretorius,1,1-15,0,2,1.78,-1.78,0,0.0,88.96,-88.96,1-15
2026,2026,1529264,2026-04-13,"Rajiv Gandhi International Stadium, Uppal, Hyderabad",2,Rajasthan Royals,Sunrisers Hyderabad,N Burger,1,1-15,3,5,5.25,-2.25,3,60.0,105.0,-45.0,1-15
2026,2026,1529264,2026-04-13,"Rajiv Gandhi International Stadium, Uppal, Hyderabad",2,Rajasthan Royals,Sunrisers Hyderabad,R Parag,1,1-15,4,6,5.07,-1.07,4,66.67,84.5,-17.84,1-15
2026,2026,1529264,2026-04-13,"Rajiv Gandhi International Stadium, Uppal, Hyderabad",2,Rajasthan Royals,Sunrisers Hyderabad,RA Jadeja,1,1-15,21,15,14.57,6.43,21,140.0,97.11,42.89,1-15
2026,2026,1529264,2026-04-13,"Rajiv Gandhi International Stadium, Uppal, Hyderabad",2,Rajasthan Royals,Sunrisers Hyderabad,RA Jadeja,2,16-30,23,15,19.62,3.38,23,153.33,130.81,22.53,16-30
2026,2026,1529264,2026-04-13,"Rajiv Gandhi International Stadium, Uppal, Hyderabad",2,Rajasthan Royals,Sunrisers Hyderabad,RA Jadeja,3,31-45,1,2,3.0,-2.0,1,50.0,149.95,-99.95,31-45
2026,2026,1529264,2026-04-13,"Rajiv Gandhi International Stadium, Uppal, Hyderabad",2,Rajasthan Royals,Sunrisers Hyderabad,Ravi Bishnoi,1,1-15,0,1,0.92,-0.92,0,0.0,92.01,-92.01,1-15
2026,2026,1529264,2026-04-13,"Rajiv Gandhi International Stadium, Uppal, Hyderabad",2,Rajasthan Royals,Sunrisers Hyderabad,TU Deshpande,1,1-15,25,11,12.38,12.62,25,227.27,112.5,114.77,1-15
2026,2026,1529264,2026-04-13,"Rajiv Gandhi International Stadium, Uppal, Hyderabad",2,Rajasthan Royals,Sunrisers Hyderabad,V Suryavanshi,1,1-15,0,1,1.18,-1.18,0,0.0,118.46,-118.46,1-15
2026,2026,1529264,2026-04-13,"Rajiv Gandhi International Stadium, Uppal, Hyderabad",2,Rajasthan Royals,Sunrisers Hyderabad,YBK Jaiswal,1,1-15,1,5,4.58,-3.58,1,20.0,91.66,-71.66,1-15
2026,2026,1529265,2026-04-14,"MA Chidambaram Stadium, Chepauk, Chennai",1,Chennai Super Kings,Kolkata Knight Riders,A Mhatre,1,1-15,38,15,19.96,18.04,38,253.33,133.07,120.27,1-15
2026,2026,1529265,2026-04-14,"MA Chidambaram Stadium, Chepauk, Chennai",1,Chennai Super Kings,Kolkata Knight Riders,A Mhatre,2,16-30,0,2,3.26,-3.26,0,0.0,163.08,-163.08,16-30
2026,2026,1529265,2026-04-14,"MA Chidambaram Stadium, Chepauk, Chennai",1,Chennai Super Kings,Kolkata Knight Riders,D Brevis,1,1-15,17,15,19.29,-2.29,17,113.33,128.57,-15.24,1-15
2026,2026,1529265,2026-04-14,"MA Chidambaram Stadium, Chepauk, Chennai",1,Chennai Super Kings,Kolkata Knight Riders,D Brevis,2,16-30,24,14,23.79,0.21,24,171.43,169.93,1.5,16-30
2026,2026,1529265,2026-04-14,"MA Chidambaram Stadium, Chepauk, Chennai",1,Chennai Super Kings,Kolkata Knight Riders,J Overton,1,1-15,7,6,9.12,-2.12,7,116.67,152.05,-35.39,1-15
2026,2026,1529265,2026-04-14,"MA Chidambaram Stadium, Chepauk, Chennai",1,Chennai Super Kings,Kolkata Knight Riders,RD Gaikwad,1,1-15,7,6,7.32,-0.32,7,116.67,122.08,-5.41,1-15
2026,2026,1529265,2026-04-14,"MA Chidambaram Stadium, Chepauk, Chennai",1,Chennai Super Kings,Kolkata Knight Riders,S Dube,1,1-15,13,12,19.75,-6.75,13,108.33,164.58,-56.25,1-15
2026,2026,1529265,2026-04-14,"MA Chidambaram Stadium, Chepauk, Chennai",1,Chennai Super Kings,Kolkata Knight Riders,SN Khan,1,1-15,16,15,20.72,-4.72,16,106.67,138.14,-31.47,1-15
2026,2026,1529265,2026-04-14,"MA Chidambaram Stadium, Chepauk, Chennai",1,Chennai Super Kings,Kolkata Knight Riders,SN Khan,2,16-30,7,3,5.19,1.81,7,233.33,173.08,60.26,16-30
2026,2026,1529265,2026-04-14,"MA Chidambaram Stadium, Chepauk, Chennai",1,Chennai Super Kings,Kolkata Knight Riders,SV Samson,1,1-15,23,15,20.49,2.51,23,153.33,136.58,16.76,1-15
2026,2026,1529265,2026-04-14,"MA Chidambaram Stadium, Chepauk, Chennai",1,Chennai Super Kings,Kolkata Knight Riders,SV Samson,2,16-30,19,15,21.23,-2.23,19,126.67,141.5,-14.84,16-30
2026,2026,1529265,2026-04-14,"MA Chidambaram Stadium, Chepauk, Chennai",1,Chennai Super Kings,Kolkata Knight Riders,SV Samson,3,31-45,6,2,2.92,3.08,6,300.0,146.16,153.84,31-45
2026,2026,1529265,2026-04-14,"MA Chidambaram Stadium, Chepauk, Chennai",2,Kolkata Knight Riders,Chennai Super Kings,A Raghuvanshi,1,1-15,21,15,17.15,3.85,21,140.0,114.32,25.68,1-15
2026,2026,1529265,2026-04-14,"MA Chidambaram Stadium, Chepauk, Chennai",2,Kolkata Knight Riders,Chennai Super Kings,A Raghuvanshi,2,16-30,6,4,5.48,0.52,6,150.0,136.89,13.11,16-30
2026,2026,1529265,2026-04-14,"MA Chidambaram Stadium, Chepauk, Chennai",2,Kolkata Knight Riders,Chennai Super Kings,AM Rahane,1,1-15,17,15,17.95,-0.95,17,113.33,119.69,-6.36,1-15
2026,2026,1529265,2026-04-14,"MA Chidambaram Stadium, Chepauk, Chennai",2,Kolkata Knight Riders,Chennai Super Kings,AM Rahane,2,16-30,11,7,9.34,1.66,11,157.14,133.41,23.73,16-30
2026,2026,1529265,2026-04-14,"MA Chidambaram Stadium, Chepauk, Chennai",2,Kolkata Knight Riders,Chennai Super Kings,AS Roy,1,1-15,1,1,1.2,-0.2,1,100.0,119.72,-19.72,1-15
2026,2026,1529265,2026-04-14,"MA Chidambaram Stadium, Chepauk, Chennai",2,Kolkata Knight Riders,Chennai Super Kings,C Green,1,1-15,0,1,0.94,-0.94,0,0.0,93.9,-93.9,1-15
2026,2026,1529265,2026-04-14,"MA Chidambaram Stadium, Chepauk, Chennai",2,Kolkata Knight Riders,Chennai Super Kings,FH Allen,1,1-15,1,3,3.54,-2.54,1,33.33,117.88,-84.55,1-15
2026,2026,1529265,2026-04-14,"MA Chidambaram Stadium, Chepauk, Chennai",2,Kolkata Knight Riders,Chennai Super Kings,R Powell,1,1-15,21,15,17.2,3.8,21,140.0,114.67,25.33,1-15
2026,2026,1529265,2026-04-14,"MA Chidambaram Stadium, Chepauk, Chennai",2,Kolkata Knight Riders,Chennai Super Kings,R Powell,2,16-30,10,7,11.6,-1.6,10,142.86,165.71,-22.85,16-30
2026,2026,1529265,2026-04-14,"MA Chidambaram Stadium, Chepauk, Chennai",2,Kolkata Knight Riders,Chennai Super Kings,RK Singh,1,1-15,6,12,12.88,-6.88,6,50.0,107.33,-57.33,1-15
2026,2026,1529265,2026-04-14,"MA Chidambaram Stadium, Chepauk, Chennai",2,Kolkata Knight Riders,Chennai Super Kings,Ramandeep Singh,1,1-15,22,15,16.96,5.04,22,146.67,113.08,33.58,1-15
2026,2026,1529265,2026-04-14,"MA Chidambaram Stadium, Chepauk, Chennai",2,Kolkata Knight Riders,Chennai Super Kings,Ramandeep Singh,2,16-30,13,8,13.3,-0.3,13,162.5,166.21,-3.71,16-30
2026,2026,1529265,2026-04-14,"MA Chidambaram Stadium, Chepauk, Chennai",2,Kolkata Knight Riders,Chennai Super Kings,SP Narine,1,1-15,24,15,20.19,3.81,24,160.0,134.61,25.39,1-15
2026,2026,1529265,2026-04-14,"MA Chidambaram Stadium, Chepauk, Chennai",2,Kolkata Knight Riders,Chennai Super Kings,SP Narine,2,16-30,0,2,3.24,-3.24,0,0.0,161.86,-161.86,16-30
