season,season_year,match_id,start_date,venue,innings,batting_team,opposition,player,balls_faced,actual_runs,expected_runs,runs_above_expected,strike_rate
2026,2026,1527674,2026-03-28,"M Chinnaswamy Stadium, Bengaluru",1,Sunrisers Hyderabad,Royal Challengers Bengaluru,Abhishek Sharma,8,7,14.36,-7.36,87.5
2026,2026,1527674,2026-03-28,"M Chinnaswamy Stadium, Bengaluru",1,Sunrisers Hyderabad,Royal Challengers Bengaluru,Aniket Verma,18,43,25.98,17.02,238.89
2026,2026,1527674,2026-03-28,"M Chinnaswamy Stadium, Bengaluru",1,Sunrisers Hyderabad,Royal Challengers Bengaluru,DA Payne,5,6,6.12,-0.12,120.0
2026,2026,1527674,2026-03-28,"M Chinnaswamy Stadium, Bengaluru",1,Sunrisers Hyderabad,Royal Challengers Bengaluru,H Klaasen,22,31,26.76,4.24,140.91
2026,2026,1527674,2026-03-28,"M Chinnaswamy Stadium, Bengaluru",1,Sunrisers Hyderabad,Royal Challengers Bengaluru,HV Patel,2,0,2.38,-2.38,0.0
2026,2026,1527674,2026-03-28,"M Chinnaswamy Stadium, Bengaluru",1,Sunrisers Hyderabad,Royal Challengers Bengaluru,Harsh Dubey,3,3,4.86,-1.86,100.0
2026,2026,1527674,2026-03-28,"M Chinnaswamy Stadium, Bengaluru",1,Sunrisers Hyderabad,Royal Challengers Bengaluru,Ishan Kishan,38,80,49.33,30.67,210.53
2026,2026,1527674,2026-03-28,"M Chinnaswamy Stadium, Bengaluru",1,Sunrisers Hyderabad,Royal Challengers Bengaluru,JD Unadkat,3,4,3.76,0.24,133.33
2026,2026,1527674,2026-03-28,"M Chinnaswamy Stadium, Bengaluru",1,Sunrisers Hyderabad,Royal Challengers Bengaluru,Nithish Kumar Reddy,6,1,6.67,-5.67,16.67
2026,2026,1527674,2026-03-28,"M Chinnaswamy Stadium, Bengaluru",1,Sunrisers Hyderabad,Royal Challengers Bengaluru,S Arora,6,9,7.5,1.5,150.0
2026,2026,1527674,2026-03-28,"M Chinnaswamy Stadium, Bengaluru",1,Sunrisers Hyderabad,Royal Challengers Bengaluru,TM Head,9,11,11.31,-0.31,122.22
2026,2026,1527674,2026-03-28,"M Chinnaswamy Stadium, Bengaluru",2,Royal Challengers Bengaluru,Sunrisers Hyderabad,D Padikkal,26,61,36.7,24.3,234.62
2026,2026,1527674,2026-03-28,"M Chinnaswamy Stadium, Bengaluru",2,Royal Challengers Bengaluru,Sunrisers Hyderabad,JM Sharma,1,0,1.34,-1.34,0.0
2026,2026,1527674,2026-03-28,"M Chinnaswamy Stadium, Bengaluru",2,Royal Challengers Bengaluru,Sunrisers Hyderabad,PD Salt,7,8,8.54,-0.54,114.29
2026,2026,1527674,2026-03-28,"M Chinnaswamy Stadium, Bengaluru",2,Royal Challengers Bengaluru,Sunrisers Hyderabad,RM Patidar,12,31,21.35,9.65,258.33
2026,2026,1527674,2026-03-28,"M Chinnaswamy Stadium, Bengaluru",2,Royal Challengers Bengaluru,Sunrisers Hyderabad,TH David,10,16,18.33,-2.33,160.0
2026,2026,1527674,2026-03-28,"M Chinnaswamy Stadium, Bengaluru",2,Royal Challengers Bengaluru,Sunrisers Hyderabad,V Kohli,38,69,61.13,7.87,181.58
2026,2026,1527675,2026-03-29,"Wankhede Stadium, Mumbai",1,Kolkata Knight Riders,Mumbai Indians,A Raghuvanshi,29,51,49.54,1.46,175.86
2026,2026,1527675,2026-03-29,"Wankhede Stadium, Mumbai",1,Kolkata Knight Riders,Mumbai Indians,AM Rahane,40,67,64.0,3.0,167.5
2026,2026,1527675,2026-03-29,"Wankhede Stadium, Mumbai",1,Kolkata Knight Riders,Mumbai Indians,C Green,10,18,12.73,5.27,180.0
2026,2026,1527675,2026-03-29,"Wankhede Stadium, Mumbai",1,Kolkata Knight Riders,Mumbai Indians,FH Allen,17,37,26.48,10.52,217.65
2026,2026,1527675,2026-03-29,"Wankhede Stadium, Mumbai",1,Kolkata Knight Riders,Mumbai Indians,RK Singh,21,33,40.39,-7.39,157.14
2026,2026,1527675,2026-03-29,"Wankhede Stadium, Mumbai",1,Kolkata Knight Riders,Mumbai Indians,Ramandeep Singh,4,4,6.61,-2.61,100.0
2026,2026,1527675,2026-03-29,"Wankhede Stadium, Mumbai",2,Mumbai Indians,Kolkata Knight Riders,HH Pandya,11,18,18.36,-0.36,163.64
2026,2026,1527675,2026-03-29,"Wankhede Stadium, Mumbai",2,Mumbai Indians,Kolkata Knight Riders,Naman Dhir,2,5,3.22,1.78,250.0
2026,2026,1527675,2026-03-29,"Wankhede Stadium, Mumbai",2,Mumbai Indians,Kolkata Knight Riders,RD Rickelton,43,81,68.12,12.88,188.37
2026,2026,1527675,2026-03-29,"Wankhede Stadium, Mumbai",2,Mumbai Indians,Kolkata Knight Riders,RG Sharma,38,78,61.45,16.55,205.26
2026,2026,1527675,2026-03-29,"Wankhede Stadium, Mumbai",2,Mumbai Indians,Kolkata Knight Riders,SA Yadav,8,16,12.77,3.23,200.0
2026,2026,1527675,2026-03-29,"Wankhede Stadium, Mumbai",2,Mumbai Indians,Kolkata Knight Riders,Tilak Varma,14,20,23.84,-3.84,142.86
2026,2026,1527676,2026-03-30,"Barsapara Cricket Stadium, Guwahati",1,Chennai Super Kings,Rajasthan Royals,A Kamboj,10,7,9.84,-2.84,70.0
2026,2026,1527676,2026-03-30,"Barsapara Cricket Stadium, Guwahati",1,Chennai Super Kings,Rajasthan Royals,A Mhatre,1,0,1.0,-1.0,0.0
2026,2026,1527676,2026-03-30,"Barsapara Cricket Stadium, Guwahati",1,Chennai Super Kings,Rajasthan Royals,J Overton,36,43,45.08,-2.08,119.44
2026,2026,1527676,2026-03-30,"Barsapara Cricket Stadium, Guwahati",1,Chennai Super Kings,Rajasthan Royals,Kartik Sharma,15,18,16.13,1.87,120.0
2026,2026,1527676,2026-03-30,"Barsapara Cricket Stadium, Guwahati",1,Chennai Super Kings,Rajasthan Royals,MJ Henry,7,5,5.97,-0.97,71.43
2026,2026,1527676,2026-03-30,"Barsapara Cricket Stadium, Guwahati",1,Chennai Super Kings,Rajasthan Royals,MW Short,7,2,8.1,-6.1,28.57
2026,2026,1527676,2026-03-30,"Barsapara Cricket Stadium, Guwahati",1,Chennai Super Kings,Rajasthan Royals,Noor Ahmad,9,1,8.27,-7.27,11.11
2026,2026,1527676,2026-03-30,"Barsapara Cricket Stadium, Guwahati",1,Chennai Super Kings,Rajasthan Royals,RD Gaikwad,11,6,16.9,-10.9,54.55
2026,2026,1527676,2026-03-30,"Barsapara Cricket Stadium, Guwahati",1,Chennai Super Kings,Rajasthan Royals,S Dube,4,6,3.71,2.29,150.0
2026,2026,1527676,2026-03-30,"Barsapara Cricket Stadium, Guwahati",1,Chennai Super Kings,Rajasthan Royals,SN Khan,12,17,13.83,3.17,141.67
2026,2026,1527676,2026-03-30,"Barsapara Cricket Stadium, Guwahati",1,Chennai Super Kings,Rajasthan Royals,SV Samson,7,6,8.53,-2.53,85.71
2026,2026,1527676,2026-03-30,"Barsapara Cricket Stadium, Guwahati",2,Rajasthan Royals,Chennai Super Kings,Dhruv Jurel,9,18,10.91,7.09,200.0
2026,2026,1527676,2026-03-30,"Barsapara Cricket Stadium, Guwahati",2,Rajasthan Royals,Chennai Super Kings,R Parag,11,14,15.67,-1.67,127.27
2026,2026,1527676,2026-03-30,"Barsapara Cricket Stadium, Guwahati",2,Rajasthan Royals,Chennai Super Kings,V Suryavanshi,17,52,24.22,27.78,305.88
2026,2026,1527676,2026-03-30,"Barsapara Cricket Stadium, Guwahati",2,Rajasthan Royals,Chennai Super Kings,YBK Jaiswal,36,38,53.16,-15.16,105.56
2026,2026,1527677,2026-03-31,"Maharaja Yadavindra Singh International Cricket Stadium, New Chandigarh",1,Gujarat Titans,Punjab Kings,B Sai Sudharsan,11,13,15.73,-2.73,118.18
2026,2026,1527677,2026-03-31,"Maharaja Yadavindra Singh International Cricket Stadium, New Chandigarh",1,Gujarat Titans,Punjab Kings,GD Phillips,17,25,22.21,2.79,147.06
2026,2026,1527677,2026-03-31,"Maharaja Yadavindra Singh International Cricket Stadium, New Chandigarh",1,Gujarat Titans,Punjab Kings,JC Buttler,33,38,44.68,-6.68,115.15
2026,2026,1527677,2026-03-31,"Maharaja Yadavindra Singh International Cricket Stadium, New Chandigarh",1,Gujarat Titans,Punjab Kings,M Shahrukh Khan,6,4,8.28,-4.28,66.67
2026,2026,1527677,2026-03-31,"Maharaja Yadavindra Singh International Cricket Stadium, New Chandigarh",1,Gujarat Titans,Punjab Kings,R Tewatia,10,11,17.81,-6.81,110.0
2026,2026,1527677,2026-03-31,"Maharaja Yadavindra Singh International Cricket Stadium, New Chandigarh",1,Gujarat Titans,Punjab Kings,Rashid Khan,1,0,5.32,-5.32,0.0
2026,2026,1527677,2026-03-31,"Maharaja Yadavindra Singh International Cricket Stadium, New Chandigarh",1,Gujarat Titans,Punjab Kings,Shubman Gill,27,39,40.56,-1.56,144.44
2026,2026,1527677,2026-03-31,"Maharaja Yadavindra Singh International Cricket Stadium, New Chandigarh",1,Gujarat Titans,Punjab Kings,Washington Sundar,16,18,26.99,-8.99,112.5
2026,2026,1527677,2026-03-31,"Maharaja Yadavindra Singh International Cricket Stadium, New Chandigarh",2,Punjab Kings,Gujarat Titans,C Connolly,44,72,66.56,5.44,163.64
2026,2026,1527677,2026-03-31,"Maharaja Yadavindra Singh International Cricket Stadium, New Chandigarh",2,Punjab Kings,Gujarat Titans,M Jansen,10,9,15.25,-6.25,90.0
2026,2026,1527677,2026-03-31,"Maharaja Yadavindra Singh International Cricket Stadium, New Chandigarh",2,Punjab Kings,Gujarat Titans,MP Stoinis,2,0,2.11,-2.11,0.0
2026,2026,1527677,2026-03-31,"Maharaja Yadavindra Singh International Cricket Stadium, New Chandigarh",2,Punjab Kings,Gujarat Titans,N Wadhera,6,3,7.11,-4.11,50.0
2026,2026,1527677,2026-03-31,"Maharaja Yadavindra Singh International Cricket Stadium, New Chandigarh",2,Punjab Kings,Gujarat Titans,P Simran Singh,24,37,31.83,5.17,154.17
2026,2026,1527677,2026-03-31,"Maharaja Yadavindra Singh International Cricket Stadium, New Chandigarh",2,Punjab Kings,Gujarat Titans,Priyansh Arya,8,7,9.54,-2.54,87.5
2026,2026,1527677,2026-03-31,"Maharaja Yadavindra Singh International Cricket Stadium, New Chandigarh",2,Punjab Kings,Gujarat Titans,SS Iyer,11,18,13.5,4.5,163.64
2026,2026,1527677,2026-03-31,"Maharaja Yadavindra Singh International Cricket Stadium, New Chandigarh",2,Punjab Kings,Gujarat Titans,Shashank Singh,5,4,5.73,-1.73,80.0
2026,2026,1527677,2026-03-31,"Maharaja Yadavindra Singh International Cricket Stadium, New Chandigarh",2,Punjab Kings,Gujarat Titans,XC Bartlett,5,11,5.98,5.02,220.0
2026,2026,1527678,2026-04-01,"Bharat Ratna Shri Atal Bihari Vajpayee Ekana Cricket Stadium, Lucknow",1,Lucknow Super Giants,Delhi Capitals,A Badoni,3,0,2.9,-2.9,0.0
2026,2026,1527678,2026-04-01,"Bharat Ratna Shri Atal Bihari Vajpayee Ekana Cricket Stadium, Lucknow",1,Lucknow Super Giants,Delhi Capitals,A Nortje,1,0,0.99,-0.99,0.0
2026,2026,1527678,2026-04-01,"Bharat Ratna Shri Atal Bihari Vajpayee Ekana Cricket Stadium, Lucknow",1,Lucknow Super Giants,Delhi Capitals,AK Markram,8,11,9.65,1.35,137.5
2026,2026,1527678,2026-04-01,"Bharat Ratna Shri Atal Bihari Vajpayee Ekana Cricket Stadium, Lucknow",1,Lucknow Super Giants,Delhi Capitals,Abdul Samad,25,36,31.31,4.69,144.0
2026,2026,1527678,2026-04-01,"Bharat Ratna Shri Atal Bihari Vajpayee Ekana Cricket Stadium, Lucknow",1,Lucknow Super Giants,Delhi Capitals,MD Choudhary,11,14,11.77,2.23,127.27
2026,2026,1527678,2026-04-01,"Bharat Ratna Shri Atal Bihari Vajpayee Ekana Cricket Stadium, Lucknow",1,Lucknow Super Giants,Delhi Capitals,MR Marsh,28,35,39.52,-4.52,125.0
2026,2026,1527678,2026-04-01,"Bharat Ratna Shri Atal Bihari Vajpayee Ekana Cricket Stadium, Lucknow",1,Lucknow Super Giants,Delhi Capitals,Mohammed Shami,2,1,2.13,-1.13,50.0
2026,2026,1527678,2026-04-01,"Bharat Ratna Shri Atal Bihari Vajpayee Ekana Cricket Stadium, Lucknow",1,Lucknow Super Giants,Delhi Capitals,Mohsin Khan,1,0,0.95,-0.95,0.0
2026,2026,1527678,2026-04-01,"Bharat Ratna Shri Atal Bihari Vajpayee Ekana Cricket Stadium, Lucknow",1,Lucknow Super Giants,Delhi Capitals,N Pooran,8,8,7.85,0.15,100.0
2026,2026,1527678,2026-04-01,"Bharat Ratna Shri Atal Bihari Vajpayee Ekana Cricket Stadium, Lucknow",1,Lucknow Super Giants,Delhi Capitals,RR Pant,9,7,13.11,-6.11,77.78
2026,2026,1527678,2026-04-01,"Bharat Ratna Shri Atal Bihari Vajpayee Ekana Cricket Stadium, Lucknow",1,Lucknow Super Giants,Delhi Capitals,Shahbaz Ahmed,16,15,20.04,-5.04,93.75
2026,2026,1527678,2026-04-01,"Bharat Ratna Shri Atal Bihari Vajpayee Ekana Cricket Stadium, Lucknow",2,Delhi Capitals,Lucknow Super Giants,AR Patel,1,0,1.77,-1.77,0.0
2026,2026,1527678,2026-04-01,"Bharat Ratna Shri Atal Bihari Vajpayee Ekana Cricket Stadium, Lucknow",2,Delhi Capitals,Lucknow Super Giants,KL Rahul,1,0,1.03,-1.03,0.0
2026,2026,1527678,2026-04-01,"Bharat Ratna Shri Atal Bihari Vajpayee Ekana Cricket Stadium, Lucknow",2,Delhi Capitals,Lucknow Super Giants,N Rana,17,15,27.81,-12.81,88.24
2026,2026,1527678,2026-04-01,"Bharat Ratna Shri Atal Bihari Vajpayee Ekana Cricket Stadium, Lucknow",2,Delhi Capitals,Lucknow Super Giants,P Nissanka,5,1,7.76,-6.76,20.0
2026,2026,1527678,2026-04-01,"Bharat Ratna Shri Atal Bihari Vajpayee Ekana Cricket Stadium, Lucknow",2,Delhi Capitals,Lucknow Super Giants,Sameer Rizvi,47,70,63.81,6.19,148.94
2026,2026,1527678,2026-04-01,"Bharat Ratna Shri Atal Bihari Vajpayee Ekana Cricket Stadium, Lucknow",2,Delhi Capitals,Lucknow Super Giants,T Stubbs,32,39,40.36,-1.36,121.88
2026,2026,1527679,2026-04-02,"Eden Gardens, Kolkata",1,Sunrisers Hyderabad,Kolkata Knight Riders,Abhishek Sharma,21,48,31.76,16.24,228.57
2026,2026,1527679,2026-04-02,"Eden Gardens, Kolkata",1,Sunrisers Hyderabad,Kolkata Knight Riders,Aniket Verma,4,1,6.05,-5.05,25.0
2026,2026,1527679,2026-04-02,"Eden Gardens, Kolkata",1,Sunrisers Hyderabad,Kolkata Knight Riders,H Klaasen,35,52,64.48,-12.48,148.57
2026,2026,1527679,2026-04-02,"Eden Gardens, Kolkata",1,Sunrisers Hyderabad,Kolkata Knight Riders,Harsh Dubey,3,9,5.81,3.19,300.0
2026,2026,1527679,2026-04-02,"Eden Gardens, Kolkata",1,Sunrisers Hyderabad,Kolkata Knight Riders,Ishan Kishan,9,14,11.43,2.57,155.56
2026,2026,1527679,2026-04-02,"Eden Gardens, Kolkata",1,Sunrisers Hyderabad,Kolkata Knight Riders,Nithish Kumar Reddy,24,39,38.62,0.38,162.5
2026,2026,1527679,2026-04-02,"Eden Gardens, Kolkata",1,Sunrisers Hyderabad,Kolkata Knight Riders,S Arora,1,0,1.46,-1.46,0.0
2026,2026,1527679,2026-04-02,"Eden Gardens, Kolkata",1,Sunrisers Hyderabad,Kolkata Knight Riders,Shivang Kumar,2,4,2.99,1.01,200.0
2026,2026,1527679,2026-04-02,"Eden Gardens, Kolkata",1,Sunrisers Hyderabad,Kolkata Knight Riders,TM Head,21,46,34.85,11.15,219.05
2026,2026,1527679,2026-04-02,"Eden Gardens, Kolkata",2,Kolkata Knight Riders,Sunrisers Hyderabad,A Raghuvanshi,29,52,42.41,9.59,179.31
2026,2026,1527679,2026-04-02,"Eden Gardens, Kolkata",2,Kolkata Knight Riders,Sunrisers Hyderabad,AM Rahane,10,8,13.56,-5.56,80.0
2026,2026,1527679,2026-04-02,"Eden Gardens, Kolkata",2,Kolkata Knight Riders,Sunrisers Hyderabad,AS Roy,2,0,2.28,-2.28,0.0
2026,2026,1527679,2026-04-02,"Eden Gardens, Kolkata",2,Kolkata Knight Riders,Sunrisers Hyderabad,C Green,2,2,2.98,-0.98,100.0
2026,2026,1527679,2026-04-02,"Eden Gardens, Kolkata",2,Kolkata Knight Riders,Sunrisers Hyderabad,CV Varun,1,0,1.0,-1.0,0.0
2026,2026,1527679,2026-04-02,"Eden Gardens, Kolkata",2,Kolkata Knight Riders,Sunrisers Hyderabad,FH Allen,7,28,9.3,18.7,400.0
2026,2026,1527679,2026-04-02,"Eden Gardens, Kolkata",2,Kolkata Knight Riders,Sunrisers Hyderabad,Kartik Tyagi,5,5,5.74,-0.74,100.0
2026,2026,1527679,2026-04-02,"Eden Gardens, Kolkata",2,Kolkata Knight Riders,Sunrisers Hyderabad,RK Singh,25,35,33.99,1.01,140.0
2026,2026,1527679,2026-04-02,"Eden Gardens, Kolkata",2,Kolkata Knight Riders,Sunrisers Hyderabad,Ramandeep Singh,9,10,11.52,-1.52,111.11
2026,2026,1527679,2026-04-02,"Eden Gardens, Kolkata",2,Kolkata Knight Riders,Sunrisers Hyderabad,SP Narine,4,12,7.78,4.22,300.0
2026,2026,1527679,2026-04-02,"Eden Gardens, Kolkata",2,Kolkata Knight Riders,Sunrisers Hyderabad,VG Arora,2,1,2.04,-1.04,50.0
2026,2026,1527680,2026-04-03,"MA Chidambaram Stadium, Chepauk, Chennai",1,Chennai Super Kings,Punjab Kings,A Mhatre,43,73,65.8,7.2,169.77
2026,2026,1527680,2026-04-03,"MA Chidambaram Stadium, Chepauk, Chennai",1,Chennai Super Kings,Punjab Kings,Kartik Sharma,3,1,3.58,-2.58,33.33
2026,2026,1527680,2026-04-03,"MA Chidambaram Stadium, Chepauk, Chennai",1,Chennai Super Kings,Punjab Kings,PR Veer,7,6,10.48,-4.48,85.71
2026,2026,1527680,2026-04-03,"MA Chidambaram Stadium, Chepauk, Chennai",1,Chennai Super Kings,Punjab Kings,RD Gaikwad,22,28,30.13,-2.13,127.27
2026,2026,1527680,2026-04-03,"MA Chidambaram Stadium, Chepauk, Chennai",1,Chennai Super Kings,Punjab Kings,S Dube,27,45,53.12,-8.12,166.67
2026,2026,1527680,2026-04-03,"MA Chidambaram Stadium, Chepauk, Chennai",1,Chennai Super Kings,Punjab Kings,SN Khan,12,32,18.79,13.21,266.67
2026,2026,1527680,2026-04-03,"MA Chidambaram Stadium, Chepauk, Chennai",1,Chennai Super Kings,Punjab Kings,SV Samson,7,7,10.0,-3.0,100.0
2026,2026,1527680,2026-04-03,"MA Chidambaram Stadium, Chepauk, Chennai",2,Punjab Kings,Chennai Super Kings,C Connolly,22,36,30.05,5.95,163.64
2026,2026,1527680,2026-04-03,"MA Chidambaram Stadium, Chepauk, Chennai",2,Punjab Kings,Chennai Super Kings,MP Stoinis,3,9,4.36,4.64,300.0
2026,2026,1527680,2026-04-03,"MA Chidambaram Stadium, Chepauk, Chennai",2,Punjab Kings,Chennai Super Kings,N Wadhera,9,10,12.86,-2.86,111.11
2026,2026,1527680,2026-04-03,"MA Chidambaram Stadium, Chepauk, Chennai",2,Punjab Kings,Chennai Super Kings,P Simran Singh,34,43,53.31,-10.31,126.47
2026,2026,1527680,2026-04-03,"MA Chidambaram Stadium, Chepauk, Chennai",2,Punjab Kings,Chennai Super Kings,Priyansh Arya,11,39,16.83,22.17,354.55
2026,2026,1527680,2026-04-03,"MA Chidambaram Stadium, Chepauk, Chennai",2,Punjab Kings,Chennai Super Kings,SS Iyer,29,50,49.72,0.28,172.41
2026,2026,1527680,2026-04-03,"MA Chidambaram Stadium, Chepauk, Chennai",2,Punjab Kings,Chennai Super Kings,Shashank Singh,6,14,10.97,3.03,233.33
2026,2026,1527681,2026-04-04,"Arun Jaitley Stadium, Delhi",1,Mumbai Indians,Delhi Capitals,C Bosch,4,11,5.43,5.57,275.0
2026,2026,1527681,2026-04-04,"Arun Jaitley Stadium, Delhi",1,Mumbai Indians,Delhi Capitals,MJ Santner,13,18,20.18,-2.18,138.46
2026,2026,1527681,2026-04-04,"Arun Jaitley Stadium, Delhi",1,Mumbai Indians,Delhi Capitals,Naman Dhir,21,28,28.44,-0.44,133.33
2026,2026,1527681,2026-04-04,"Arun Jaitley Stadium, Delhi",1,Mumbai Indians,Delhi Capitals,RD Rickelton,11,9,14.75,-5.75,81.82
2026,2026,1527681,2026-04-04,"Arun Jaitley Stadium, Delhi",1,Mumbai Indians,Delhi Capitals,RG Sharma,26,35,34.45,0.55,134.62
2026,2026,1527681,2026-04-04,"Arun Jaitley Stadium, Delhi",1,Mumbai Indians,Delhi Capitals,SA Yadav,36,51,48.22,2.78,141.67
2026,2026,1527681,2026-04-04,"Arun Jaitley Stadium, Delhi",1,Mumbai Indians,Delhi Capitals,SE Rutherford,7,5,7.35,-2.35,71.43
2026,2026,1527681,2026-04-04,"Arun Jaitley Stadium, Delhi",1,Mumbai Indians,Delhi Capitals,Tilak Varma,2,0,2.24,-2.24,0.0
2026,2026,1527681,2026-04-04,"Arun Jaitley Stadium, Delhi",2,Delhi Capitals,Mumbai Indians,DA Miller,18,21,28.78,-7.78,116.67
2026,2026,1527681,2026-04-04,"Arun Jaitley Stadium, Delhi",2,Delhi Capitals,Mumbai Indians,KL Rahul,3,1,3.43,-2.43,33.33
2026,2026,1527681,2026-04-04,"Arun Jaitley Stadium, Delhi",2,Delhi Capitals,Mumbai Indians,N Rana,3,0,3.13,-3.13,0.0
2026,2026,1527681,2026-04-04,"Arun Jaitley Stadium, Delhi",2,Delhi Capitals,Mumbai Indians,P Nissanka,30,44,39.91,4.09,146.67
2026,2026,1527681,2026-04-04,"Arun Jaitley Stadium, Delhi",2,Delhi Capitals,Mumbai Indians,Sameer Rizvi,51,90,71.26,18.74,176.47
2026,2026,1527681,2026-04-04,"Arun Jaitley Stadium, Delhi",2,Delhi Capitals,Mumbai Indians,T Stubbs,4,3,5.58,-2.58,75.0
2026,2026,1527682,2026-04-04,"Narendra Modi Stadium, Ahmedabad",1,Rajasthan Royals,Gujarat Titans,D Ferreira,3,1,3.96,-2.96,33.33
2026,2026,1527682,2026-04-04,"Narendra Modi Stadium, Ahmedabad",1,Rajasthan Royals,Gujarat Titans,Dhruv Jurel,42,75,72.69,2.31,178.57
2026,2026,1527682,2026-04-04,"Narendra Modi Stadium, Ahmedabad",1,Rajasthan Royals,Gujarat Titans,JC Archer,2,1,3.0,-2.0,50.0
2026,2026,1527682,2026-04-04,"Narendra Modi Stadium, Ahmedabad",1,Rajasthan Royals,Gujarat Titans,R Parag,4,8,5.03,2.97,200.0
2026,2026,1527682,2026-04-04,"Narendra Modi Stadium, Ahmedabad",1,Rajasthan Royals,Gujarat Titans,RA Jadeja,7,7,12.22,-5.22,100.0
2026,2026,1527682,2026-04-04,"Narendra Modi Stadium, Ahmedabad",1,Rajasthan Royals,Gujarat Titans,SO Hetmyer,8,18,12.24,5.76,225.0
2026,2026,1527682,2026-04-04,"Narendra Modi Stadium, Ahmedabad",1,Rajasthan Royals,Gujarat Titans,V Suryavanshi,18,31,28.95,2.05,172.22
2026,2026,1527682,2026-04-04,"Narendra Modi Stadium, Ahmedabad",1,Rajasthan Royals,Gujarat Titans,YBK Jaiswal,36,55,53.75,1.25,152.78
2026,2026,1527682,2026-04-04,"Narendra Modi Stadium, Ahmedabad",2,Gujarat Titans,Rajasthan Royals,Ashok Sharma,1,0,1.31,-1.31,0.0
2026,2026,1527682,2026-04-04,"Narendra Modi Stadium, Ahmedabad",2,Gujarat Titans,Rajasthan Royals,B Sai Sudharsan,44,73,69.42,3.58,165.91
2026,2026,1527682,2026-04-04,"Narendra Modi Stadium, Ahmedabad",2,Gujarat Titans,Rajasthan Royals,GD Phillips,4,3,4.83,-1.83,75.0
2026,2026,1527682,2026-04-04,"Narendra Modi Stadium, Ahmedabad",2,Gujarat Titans,Rajasthan Royals,JC Buttler,14,26,18.7,7.3,185.71
2026,2026,1527682,2026-04-04,"Narendra Modi Stadium, Ahmedabad",2,Gujarat Titans,Rajasthan Royals,K Rabada,16,23,25.5,-2.5,143.75
2026,2026,1527682,2026-04-04,"Narendra Modi Stadium, Ahmedabad",2,Gujarat Titans,Rajasthan Royals,Kumar Kushagra,14,18,18.88,-0.88,128.57
2026,2026,1527682,2026-04-04,"Narendra Modi Stadium, Ahmedabad",2,Gujarat Titans,Rajasthan Royals,M Shahrukh Khan,4,11,4.88,6.12,275.0
2026,2026,1527682,2026-04-04,"Narendra Modi Stadium, Ahmedabad",2,Gujarat Titans,Rajasthan Royals,R Tewatia,6,12,7.68,4.32,200.0
2026,2026,1527682,2026-04-04,"Narendra Modi Stadium, Ahmedabad",2,Gujarat Titans,Rajasthan Royals,Rashid Khan,16,24,23.85,0.15,150.0
2026,2026,1527682,2026-04-04,"Narendra Modi Stadium, Ahmedabad",2,Gujarat Titans,Rajasthan Royals,Washington Sundar,2,4,2.41,1.59,200.0
2026,2026,1527683,2026-04-05,"Rajiv Gandhi International Stadium, Uppal, Hyderabad",1,Sunrisers Hyderabad,Lucknow Super Giants,Abhishek Sharma,2,0,2.1,-2.1,0.0
2026,2026,1527683,2026-04-05,"Rajiv Gandhi International Stadium, Uppal, Hyderabad",1,Sunrisers Hyderabad,Lucknow Super Giants,Aniket Verma,5,2,6.18,-4.18,40.0
2026,2026,1527683,2026-04-05,"Rajiv Gandhi International Stadium, Uppal, Hyderabad",1,Sunrisers Hyderabad,Lucknow Super Giants,H Klaasen,41,62,51.88,10.12,151.22
2026,2026,1527683,2026-04-05,"Rajiv Gandhi International Stadium, Uppal, Hyderabad",1,Sunrisers Hyderabad,Lucknow Super Giants,HV Patel,2,4,2.24,1.76,200.0
2026,2026,1527683,2026-04-05,"Rajiv Gandhi International Stadium, Uppal, Hyderabad",1,Sunrisers Hyderabad,Lucknow Super Giants,Harsh Dubey,1,0,1.18,-1.18,0.0
2026,2026,1527683,2026-04-05,"Rajiv Gandhi International Stadium, Uppal, Hyderabad",1,Sunrisers Hyderabad,Lucknow Super Giants,Ishan Kishan,4,1,4.21,-3.21,25.0
2026,2026,1527683,2026-04-05,"Rajiv Gandhi International Stadium, Uppal, Hyderabad",1,Sunrisers Hyderabad,Lucknow Super Giants,LS Livingstone,20,14,22.44,-8.44,70.0
2026,2026,1527683,2026-04-05,"Rajiv Gandhi International Stadium, Uppal, Hyderabad",1,Sunrisers Hyderabad,Lucknow Super Giants,Nithish Kumar Reddy,33,56,40.48,15.52,169.7
2026,2026,1527683,2026-04-05,"Rajiv Gandhi International Stadium, Uppal, Hyderabad",1,Sunrisers Hyderabad,Lucknow Super Giants,Shivang Kumar,4,5,4.8,0.2,125.0
2026,2026,1527683,2026-04-05,"Rajiv Gandhi International Stadium, Uppal, Hyderabad",1,Sunrisers Hyderabad,Lucknow Super Giants,TM Head,8,7,8.94,-1.94,87.5
2026,2026,1527683,2026-04-05,"Rajiv Gandhi International Stadium, Uppal, Hyderabad",2,Lucknow Super Giants,Sunrisers Hyderabad,A Badoni,9,12,10.54,1.46,133.33
2026,2026,1527683,2026-04-05,"Rajiv Gandhi International Stadium, Uppal, Hyderabad",2,Lucknow Super Giants,Sunrisers Hyderabad,AK Markram,27,45,38.64,6.36,166.67
2026,2026,1527683,2026-04-05,"Rajiv Gandhi International Stadium, Uppal, Hyderabad",2,Lucknow Super Giants,Sunrisers Hyderabad,Abdul Samad,12,16,15.99,0.01,133.33
2026,2026,1527683,2026-04-05,"Rajiv Gandhi International Stadium, Uppal, Hyderabad",2,Lucknow Super Giants,Sunrisers Hyderabad,MD Choudhary,5,2,6.88,-4.88,40.0
2026,2026,1527683,2026-04-05,"Rajiv Gandhi International Stadium, Uppal, Hyderabad",2,Lucknow Super Giants,Sunrisers Hyderabad,MR Marsh,12,14,16.29,-2.29,116.67
2026,2026,1527683,2026-04-05,"Rajiv Gandhi International Stadium, Uppal, Hyderabad",2,Lucknow Super Giants,Sunrisers Hyderabad,N Pooran,4,1,4.47,-3.47,25.0
2026,2026,1527683,2026-04-05,"Rajiv Gandhi International Stadium, Uppal, Hyderabad",2,Lucknow Super Giants,Sunrisers Hyderabad,RR Pant,50,68,70.59,-2.59,136.0
2026,2026,1527684,2026-04-05,"M Chinnaswamy Stadium, Bengaluru",1,Royal Challengers Bengaluru,Chennai Super Kings,D Padikkal,29,50,41.99,8.01,172.41
2026,2026,1527684,2026-04-05,"M Chinnaswamy Stadium, Bengaluru",1,Royal Challengers Bengaluru,Chennai Super Kings,PD Salt,30,46,42.23,3.77,153.33
2026,2026,1527684,2026-04-05,"M Chinnaswamy Stadium, Bengaluru",1,Royal Challengers Bengaluru,Chennai Super Kings,RM Patidar,19,48,32.13,15.87,252.63
2026,2026,1527684,2026-04-05,"M Chinnaswamy Stadium, Bengaluru",1,Royal Challengers Bengaluru,Chennai Super Kings,TH David,25,70,45.7,24.3,280.0
2026,2026,1527684,2026-04-05,"M Chinnaswamy Stadium, Bengaluru",1,Royal Challengers Bengaluru,Chennai Super Kings,V Kohli,18,28,25.99,2.01,155.56
2026,2026,1527684,2026-04-05,"M Chinnaswamy Stadium, Bengaluru",2,Chennai Super Kings,Royal Challengers Bengaluru,A Kamboj,12,19,17.2,1.8,158.33
2026,2026,1527684,2026-04-05,"M Chinnaswamy Stadium, Bengaluru",2,Chennai Super Kings,Royal Challengers Bengaluru,A Mhatre,3,1,3.44,-2.44,33.33
2026,2026,1527684,2026-04-05,"M Chinnaswamy Stadium, Bengaluru",2,Chennai Super Kings,Royal Challengers Bengaluru,J Overton,16,37,21.83,15.17,231.25
2026,2026,1527684,2026-04-05,"M Chinnaswamy Stadium, Bengaluru",2,Chennai Super Kings,Royal Challengers Bengaluru,Kartik Sharma,3,6,3.02,2.98,200.0
2026,2026,1527684,2026-04-05,"M Chinnaswamy Stadium, Bengaluru",2,Chennai Super Kings,Royal Challengers Bengaluru,MJ Henry,3,2,3.75,-1.75,66.67
2026,2026,1527684,2026-04-05,"M Chinnaswamy Stadium, Bengaluru",2,Chennai Super Kings,Royal Challengers Bengaluru,Noor Ahmad,8,8,11.36,-3.36,100.0
2026,2026,1527684,2026-04-05,"M Chinnaswamy Stadium, Bengaluru",2,Chennai Super Kings,Royal Challengers Bengaluru,PR Veer,29,43,41.56,1.44,148.28
2026,2026,1527684,2026-04-05,"M Chinnaswamy Stadium, Bengaluru",2,Chennai Super Kings,Royal Challengers Bengaluru,RD Gaikwad,3,7,3.59,3.41,233.33
2026,2026,1527684,2026-04-05,"M Chinnaswamy Stadium, Bengaluru",2,Chennai Super Kings,Royal Challengers Bengaluru,S Dube,13,18,15.77,2.23,138.46
2026,2026,1527684,2026-04-05,"M Chinnaswamy Stadium, Bengaluru",2,Chennai Super Kings,Royal Challengers Bengaluru,SN Khan,25,50,37.26,12.74,200.0
2026,2026,1527684,2026-04-05,"M Chinnaswamy Stadium, Bengaluru",2,Chennai Super Kings,Royal Challengers Bengaluru,SV Samson,5,9,5.69,3.31,180.0
2026,2026,1527685,2026-04-06,"Eden Gardens, Kolkata",1,Kolkata Knight Riders,Punjab Kings,A Raghuvanshi,7,7,7.84,-0.84,100.0
2026,2026,1527685,2026-04-06,"Eden Gardens, Kolkata",1,Kolkata Knight Riders,Punjab Kings,AM Rahane,6,8,6.94,1.06,133.33
2026,2026,1527685,2026-04-06,"Eden Gardens, Kolkata",1,Kolkata Knight Riders,Punjab Kings,C Green,2,4,2.3,1.7,200.0
2026,2026,1527685,2026-04-06,"Eden Gardens, Kolkata",1,Kolkata Knight Riders,Punjab Kings,FH Allen,7,6,8.87,-2.87,85.71
2026,2026,1527686,2026-04-07,"Barsapara Cricket Stadium, Guwahati",1,Rajasthan Royals,Mumbai Indians,Dhruv Jurel,3,2,3.45,-1.45,66.67
2026,2026,1527686,2026-04-07,"Barsapara Cricket Stadium, Guwahati",1,Rajasthan Royals,Mumbai Indians,R Parag,10,20,12.9,7.1,200.0
2026,2026,1527686,2026-04-07,"Barsapara Cricket Stadium, Guwahati",1,Rajasthan Royals,Mumbai Indians,SO Hetmyer,7,6,10.61,-4.61,85.71
2026,2026,1527686,2026-04-07,"Barsapara Cricket Stadium, Guwahati",1,Rajasthan Royals,Mumbai Indians,V Suryavanshi,14,39,21.79,17.21,278.57
2026,2026,1527686,2026-04-07,"Barsapara Cricket Stadium, Guwahati",1,Rajasthan Royals,Mumbai Indians,YBK Jaiswal,32,77,56.93,20.07,240.62
2026,2026,1527686,2026-04-07,"Barsapara Cricket Stadium, Guwahati",2,Mumbai Indians,Rajasthan Royals,DL Chahar,5,6,5.67,0.33,120.0
2026,2026,1527686,2026-04-07,"Barsapara Cricket Stadium, Guwahati",2,Mumbai Indians,Rajasthan Royals,HH Pandya,6,9,6.33,2.67,150.0
2026,2026,1527686,2026-04-07,"Barsapara Cricket Stadium, Guwahati",2,Mumbai Indians,Rajasthan Royals,JJ Bumrah,2,5,2.2,2.8,250.0
2026,2026,1527686,2026-04-07,"Barsapara Cricket Stadium, Guwahati",2,Mumbai Indians,Rajasthan Royals,Naman Dhir,13,25,13.44,11.56,192.31
2026,2026,1527686,2026-04-07,"Barsapara Cricket Stadium, Guwahati",2,Mumbai Indians,Rajasthan Royals,RD Rickelton,4,8,4.71,3.29,200.0
2026,2026,1527686,2026-04-07,"Barsapara Cricket Stadium, Guwahati",2,Mumbai Indians,Rajasthan Royals,RG Sharma,6,5,7.14,-2.14,83.33
2026,2026,1527686,2026-04-07,"Barsapara Cricket Stadium, Guwahati",2,Mumbai Indians,Rajasthan Royals,SA Yadav,3,6,4.27,1.73,200.0
2026,2026,1527686,2026-04-07,"Barsapara Cricket Stadium, Guwahati",2,Mumbai Indians,Rajasthan Royals,SE Rutherford,8,25,10.68,14.32,312.5
2026,2026,1527686,2026-04-07,"Barsapara Cricket Stadium, Guwahati",2,Mumbai Indians,Rajasthan Royals,SN Thakur,7,8,10.32,-2.32,114.29
2026,2026,1527686,2026-04-07,"Barsapara Cricket Stadium, Guwahati",2,Mumbai Indians,Rajasthan Royals,TA Boult,2,1,2.2,-1.2,50.0
2026,2026,1527686,2026-04-07,"Barsapara Cricket Stadium, Guwahati",2,Mumbai Indians,Rajasthan Royals,Tilak Varma,10,14,12.33,1.67,140.0
2026,2026,1527687,2026-04-08,"Arun Jaitley Stadium, Delhi",1,Gujarat Titans,Delhi Capitals,B Sai Sudharsan,7,12,10.19,1.81,171.43
2026,2026,1527687,2026-04-08,"Arun Jaitley Stadium, Delhi",1,Gujarat Titans,Delhi Capitals,GD Phillips,9,14,16.81,-2.81,155.56
2026,2026,1527687,2026-04-08,"Arun Jaitley Stadium, Delhi",1,Gujarat Titans,Delhi Capitals,JC Buttler,27,52,40.75,11.25,192.59
2026,2026,1527687,2026-04-08,"Arun Jaitley Stadium, Delhi",1,Gujarat Titans,Delhi Capitals,R Tewatia,1,1,1.6,-0.6,100.0
2026,2026,1527687,2026-04-08,"Arun Jaitley Stadium, Delhi",1,Gujarat Titans,Delhi Capitals,Shubman Gill,45,70,70.08,-0.08,155.56
2026,2026,1527687,2026-04-08,"Arun Jaitley Stadium, Delhi",1,Gujarat Titans,Delhi Capitals,Washington Sundar,32,55,52.39,2.61,171.88
2026,2026,1527687,2026-04-08,"Arun Jaitley Stadium, Delhi",2,Delhi Capitals,Gujarat Titans,AR Patel,3,2,3.67,-1.67,66.67
2026,2026,1527687,2026-04-08,"Arun Jaitley Stadium, Delhi",2,Delhi Capitals,Gujarat Titans,DA Miller,20,41,33.79,7.21,205.0
2026,2026,1527687,2026-04-08,"Arun Jaitley Stadium, Delhi",2,Delhi Capitals,Gujarat Titans,KL Rahul,52,92,85.64,6.36,176.92
2026,2026,1527687,2026-04-08,"Arun Jaitley Stadium, Delhi",2,Delhi Capitals,Gujarat Titans,Kuldeep Yadav,1,1,1.36,-0.36,100.0
2026,2026,1527687,2026-04-08,"Arun Jaitley Stadium, Delhi",2,Delhi Capitals,Gujarat Titans,N Rana,6,5,7.16,-2.16,83.33
2026,2026,1527687,2026-04-08,"Arun Jaitley Stadium, Delhi",2,Delhi Capitals,Gujarat Titans,P Nissanka,24,41,34.66,6.34,170.83
2026,2026,1527687,2026-04-08,"Arun Jaitley Stadium, Delhi",2,Delhi Capitals,Gujarat Titans,Sameer Rizvi,1,0,1.11,-1.11,0.0
2026,2026,1527687,2026-04-08,"Arun Jaitley Stadium, Delhi",2,Delhi Capitals,Gujarat Titans,T Stubbs,6,7,8.08,-1.08,116.67
2026,2026,1527687,2026-04-08,"Arun Jaitley Stadium, Delhi",2,Delhi Capitals,Gujarat Titans,V Nigam,7,12,10.26,1.74,171.43
2026,2026,1527688,2026-04-09,"Eden Gardens, Kolkata",1,Kolkata Knight Riders,Lucknow Super Giants,A Raghuvanshi,33,45,48.29,-3.29,136.36
2026,2026,1527688,2026-04-09,"Eden Gardens, Kolkata",1,Kolkata Knight Riders,Lucknow Super Giants,AM Rahane,24,41,31.98,9.02,170.83
2026,2026,1527688,2026-04-09,"Eden Gardens, Kolkata",1,Kolkata Knight Riders,Lucknow Super Giants,C Green,24,32,38.48,-6.48,133.33
2026,2026,1527688,2026-04-09,"Eden Gardens, Kolkata",1,Kolkata Knight Riders,Lucknow Super Giants,FH Allen,8,9,11.36,-2.36,112.5
2026,2026,1527688,2026-04-09,"Eden Gardens, Kolkata",1,Kolkata Knight Riders,Lucknow Super Giants,R Powell,24,39,41.85,-2.85,162.5
2026,2026,1527688,2026-04-09,"Eden Gardens, Kolkata",1,Kolkata Knight Riders,Lucknow Super Giants,RK Singh,7,4,8.34,-4.34,57.14
2026,2026,1527688,2026-04-09,"Eden Gardens, Kolkata",2,Lucknow Super Giants,Kolkata Knight Riders,A Badoni,34,54,46.02,7.98,158.82
2026,2026,1527688,2026-04-09,"Eden Gardens, Kolkata",2,Lucknow Super Giants,Kolkata Knight Riders,AK Markram,15,22,22.68,-0.68,146.67
2026,2026,1527688,2026-04-09,"Eden Gardens, Kolkata",2,Lucknow Super Giants,Kolkata Knight Riders,Abdul Samad,4,2,5.3,-3.3,50.0
2026,2026,1527688,2026-04-09,"Eden Gardens, Kolkata",2,Lucknow Super Giants,Kolkata Knight Riders,Avesh Khan,3,1,3.47,-2.47,33.33
2026,2026,1527688,2026-04-09,"Eden Gardens, Kolkata",2,Lucknow Super Giants,Kolkata Knight Riders,MD Choudhary,27,54,38.95,15.05,200.0
2026,2026,1527688,2026-04-09,"Eden Gardens, Kolkata",2,Lucknow Super Giants,Kolkata Knight Riders,MR Marsh,11,15,15.93,-0.93,136.36
2026,2026,1527688,2026-04-09,"Eden Gardens, Kolkata",2,Lucknow Super Giants,Kolkata Knight Riders,Mohammed Shami,3,1,3.11,-2.11,33.33
2026,2026,1527688,2026-04-09,"Eden Gardens, Kolkata",2,Lucknow Super Giants,Kolkata Knight Riders,N Pooran,15,13,20.19,-7.19,86.67
2026,2026,1527688,2026-04-09,"Eden Gardens, Kolkata",2,Lucknow Super Giants,Kolkata Knight Riders,RR Pant,9,10,10.02,-0.02,111.11
2026,2026,1527689,2026-04-10,"Barsapara Cricket Stadium, Guwahati",1,Royal Challengers Bengaluru,Rajasthan Royals,B Kumar,7,9,9.61,-0.61,128.57
2026,2026,1527689,2026-04-10,"Barsapara Cricket Stadium, Guwahati",1,Royal Challengers Bengaluru,Rajasthan Royals,D Padikkal,7,14,7.97,6.03,200.0
2026,2026,1527689,2026-04-10,"Barsapara Cricket Stadium, Guwahati",1,Royal Challengers Bengaluru,Rajasthan Royals,JM Sharma,8,5,8.35,-3.35,62.5
2026,2026,1527689,2026-04-10,"Barsapara Cricket Stadium, Guwahati",1,Royal Challengers Bengaluru,Rajasthan Royals,KH Pandya,6,1,6.24,-5.24,16.67
2026,2026,1527689,2026-04-10,"Barsapara Cricket Stadium, Guwahati",1,Royal Challengers Bengaluru,Rajasthan Royals,PD Salt,1,0,1.03,-1.03,0.0
2026,2026,1527689,2026-04-10,"Barsapara Cricket Stadium, Guwahati",1,Royal Challengers Bengaluru,Rajasthan Royals,R Shepherd,11,22,12.46,9.54,200.0
2026,2026,1527689,2026-04-10,"Barsapara Cricket Stadium, Guwahati",1,Royal Challengers Bengaluru,Rajasthan Royals,RM Patidar,40,63,54.51,8.49,157.5
2026,2026,1527689,2026-04-10,"Barsapara Cricket Stadium, Guwahati",1,Royal Challengers Bengaluru,Rajasthan Royals,TH David,9,13,9.83,3.17,144.44
2026,2026,1527689,2026-04-10,"Barsapara Cricket Stadium, Guwahati",1,Royal Challengers Bengaluru,Rajasthan Royals,V Kohli,16,32,22.04,9.96,200.0
2026,2026,1527689,2026-04-10,"Barsapara Cricket Stadium, Guwahati",1,Royal Challengers Bengaluru,Rajasthan Royals,VR Iyer,15,29,22.37,6.63,193.33
2026,2026,1527689,2026-04-10,"Barsapara Cricket Stadium, Guwahati",2,Rajasthan Royals,Royal Challengers Bengaluru,Dhruv Jurel,43,81,71.34,9.66,188.37
2026,2026,1527689,2026-04-10,"Barsapara Cricket Stadium, Guwahati",2,Rajasthan Royals,Royal Challengers Bengaluru,R Parag,5,3,6.61,-3.61,60.0
2026,2026,1527689,2026-04-10,"Barsapara Cricket Stadium, Guwahati",2,Rajasthan Royals,Royal Challengers Bengaluru,RA Jadeja,25,24,41.77,-17.77,96.0
2026,2026,1527689,2026-04-10,"Barsapara Cricket Stadium, Guwahati",2,Rajasthan Royals,Royal Challengers Bengaluru,SO Hetmyer,1,0,1.23,-1.23,0.0
2026,2026,1527689,2026-04-10,"Barsapara Cricket Stadium, Guwahati",2,Rajasthan Royals,Royal Challengers Bengaluru,V Suryavanshi,26,78,39.24,38.76,300.0
2026,2026,1527689,2026-04-10,"Barsapara Cricket Stadium, Guwahati",2,Rajasthan Royals,Royal Challengers Bengaluru,YBK Jaiswal,8,13,10.02,2.98,162.5
2026,2026,1527690,2026-04-11,"Maharaja Yadavindra Singh International Cricket Stadium, New Chandigarh",1,Sunrisers Hyderabad,Punjab Kings,Abhishek Sharma,28,74,54.14,19.86,264.29
2026,2026,1527690,2026-04-11,"Maharaja Yadavindra Singh International Cricket Stadium, New Chandigarh",1,Sunrisers Hyderabad,Punjab Kings,Aniket Verma,9,18,13.88,4.12,200.0
2026,2026,1527690,2026-04-11,"Maharaja Yadavindra Singh International Cricket Stadium, New Chandigarh",1,Sunrisers Hyderabad,Punjab Kings,H Klaasen,33,39,61.8,-22.8,118.18
2026,2026,1527690,2026-04-11,"Maharaja Yadavindra Singh International Cricket Stadium, New Chandigarh",1,Sunrisers Hyderabad,Punjab Kings,Harsh Dubey,2,1,3.11,-2.11,50.0
2026,2026,1527690,2026-04-11,"Maharaja Yadavindra Singh International Cricket Stadium, New Chandigarh",1,Sunrisers Hyderabad,Punjab Kings,Ishan Kishan,17,27,25.24,1.76,158.82
2026,2026,1527690,2026-04-11,"Maharaja Yadavindra Singh International Cricket Stadium, New Chandigarh",1,Sunrisers Hyderabad,Punjab Kings,Nithish Kumar Reddy,1,0,1.53,-1.53,0.0
2026,2026,1527690,2026-04-11,"Maharaja Yadavindra Singh International Cricket Stadium, New Chandigarh",1,Sunrisers Hyderabad,Punjab Kings,S Arora,8,9,13.13,-4.13,112.5
2026,2026,1527690,2026-04-11,"Maharaja Yadavindra Singh International Cricket Stadium, New Chandigarh",1,Sunrisers Hyderabad,Punjab Kings,TM Head,23,38,36.27,1.73,165.22
2026,2026,1527690,2026-04-11,"Maharaja Yadavindra Singh International Cricket Stadium, New Chandigarh",2,Punjab Kings,Sunrisers Hyderabad,C Connolly,12,11,17.44,-6.44,91.67
2026,2026,1527690,2026-04-11,"Maharaja Yadavindra Singh International Cricket Stadium, New Chandigarh",2,Punjab Kings,Sunrisers Hyderabad,N Wadhera,14,14,20.81,-6.81,100.0
2026,2026,1527690,2026-04-11,"Maharaja Yadavindra Singh International Cricket Stadium, New Chandigarh",2,Punjab Kings,Sunrisers Hyderabad,P Simran Singh,25,51,40.77,10.23,204.0
2026,2026,1527690,2026-04-11,"Maharaja Yadavindra Singh International Cricket Stadium, New Chandigarh",2,Punjab Kings,Sunrisers Hyderabad,Priyansh Arya,20,57,31.6,25.4,285.0
2026,2026,1527690,2026-04-11,"Maharaja Yadavindra Singh International Cricket Stadium, New Chandigarh",2,Punjab Kings,Sunrisers Hyderabad,SS Iyer,33,69,56.89,12.11,209.09
2026,2026,1527690,2026-04-11,"Maharaja Yadavindra Singh International Cricket Stadium, New Chandigarh",2,Punjab Kings,Sunrisers Hyderabad,Shashank Singh,9,16,14.86,1.14,177.78
2026,2026,1527691,2026-04-11,"MA Chidambaram Stadium, Chepauk, Chennai",1,Chennai Super Kings,Delhi Capitals,A Mhatre,36,59,53.69,5.31,163.89
2026,2026,1527691,2026-04-11,"MA Chidambaram Stadium, Chepauk, Chennai",1,Chennai Super Kings,Delhi Capitals,RD Gaikwad,18,15,26.12,-11.12,83.33
2026,2026,1527691,2026-04-11,"MA Chidambaram Stadium, Chepauk, Chennai",1,Chennai Super Kings,Delhi Capitals,S Dube,10,20,17.67,2.33,200.0
2026,2026,1527691,2026-04-11,"MA Chidambaram Stadium, Chepauk, Chennai",1,Chennai Super Kings,Delhi Capitals,SV Samson,56,115,91.84,23.16,205.36
2026,2026,1527691,2026-04-11,"MA Chidambaram Stadium, Chepauk, Chennai",2,Delhi Capitals,Chennai Super Kings,AR Patel,2,1,2.02,-1.02,50.0
2026,2026,1527691,2026-04-11,"MA Chidambaram Stadium, Chepauk, Chennai",2,Delhi Capitals,Chennai Super Kings,Ashutosh Sharma,10,19,13.12,5.88,190.0
2026,2026,1527691,2026-04-11,"MA Chidambaram Stadium, Chepauk, Chennai",2,Delhi Capitals,Chennai Super Kings,Auqib Nabi,2,4,2.35,1.65,200.0
2026,2026,1527691,2026-04-11,"MA Chidambaram Stadium, Chepauk, Chennai",2,Delhi Capitals,Chennai Super Kings,DA Miller,14,17,21.49,-4.49,121.43
2026,2026,1527691,2026-04-11,"MA Chidambaram Stadium, Chepauk, Chennai",2,Delhi Capitals,Chennai Super Kings,KL Rahul,10,18,13.13,4.87,180.0
2026,2026,1527691,2026-04-11,"MA Chidambaram Stadium, Chepauk, Chennai",2,Delhi Capitals,Chennai Super Kings,Kuldeep Yadav,7,4,8.88,-4.88,57.14
2026,2026,1527691,2026-04-11,"MA Chidambaram Stadium, Chepauk, Chennai",2,Delhi Capitals,Chennai Super Kings,L Ngidi,5,3,6.2,-3.2,60.0
2026,2026,1527691,2026-04-11,"MA Chidambaram Stadium, Chepauk, Chennai",2,Delhi Capitals,Chennai Super Kings,P Nissanka,24,41,37.85,3.15,170.83
2026,2026,1527691,2026-04-11,"MA Chidambaram Stadium, Chepauk, Chennai",2,Delhi Capitals,Chennai Super Kings,Sameer Rizvi,9,6,10.03,-4.03,66.67
2026,2026,1527691,2026-04-11,"MA Chidambaram Stadium, Chepauk, Chennai",2,Delhi Capitals,Chennai Super Kings,T Natarajan,2,1,2.32,-1.32,50.0
2026,2026,1527691,2026-04-11,"MA Chidambaram Stadium, Chepauk, Chennai",2,Delhi Capitals,Chennai Super Kings,T Stubbs,38,60,59.31,0.69,157.89
2026,2026,1527692,2026-04-12,"Bharat Ratna Shri Atal Bihari Vajpayee Ekana Cricket Stadium, Lucknow",1,Lucknow Super Giants,Gujarat Titans,A Badoni,11,9,13.77,-4.77,81.82
2026,2026,1527692,2026-04-12,"Bharat Ratna Shri Atal Bihari Vajpayee Ekana Cricket Stadium, Lucknow",1,Lucknow Super Giants,Gujarat Titans,AK Markram,21,30,28.13,1.87,142.86
2026,2026,1527692,2026-04-12,"Bharat Ratna Shri Atal Bihari Vajpayee Ekana Cricket Stadium, Lucknow",1,Lucknow Super Giants,Gujarat Titans,Abdul Samad,22,18,26.72,-8.72,81.82
2026,2026,1527692,2026-04-12,"Bharat Ratna Shri Atal Bihari Vajpayee Ekana Cricket Stadium, Lucknow",1,Lucknow Super Giants,Gujarat Titans,Avesh Khan,1,4,2.31,1.69,400.0
2026,2026,1527692,2026-04-12,"Bharat Ratna Shri Atal Bihari Vajpayee Ekana Cricket Stadium, Lucknow",1,Lucknow Super Giants,Gujarat Titans,GF Linde,10,16,12.67,3.33,160.0
2026,2026,1527692,2026-04-12,"Bharat Ratna Shri Atal Bihari Vajpayee Ekana Cricket Stadium, Lucknow",1,Lucknow Super Giants,Gujarat Titans,MD Choudhary,14,18,17.93,0.07,128.57
2026,2026,1527692,2026-04-12,"Bharat Ratna Shri Atal Bihari Vajpayee Ekana Cricket Stadium, Lucknow",1,Lucknow Super Giants,Gujarat Titans,MR Marsh,4,11,4.84,6.16,275.0
2026,2026,1527692,2026-04-12,"Bharat Ratna Shri Atal Bihari Vajpayee Ekana Cricket Stadium, Lucknow",1,Lucknow Super Giants,Gujarat Titans,Mohammed Shami,5,12,6.0,6.0,240.0
2026,2026,1527692,2026-04-12,"Bharat Ratna Shri Atal Bihari Vajpayee Ekana Cricket Stadium, Lucknow",1,Lucknow Super Giants,Gujarat Titans,N Pooran,21,19,25.38,-6.38,90.48
2026,2026,1527692,2026-04-12,"Bharat Ratna Shri Atal Bihari Vajpayee Ekana Cricket Stadium, Lucknow",1,Lucknow Super Giants,Gujarat Titans,RR Pant,11,18,14.03,3.97,163.64
2026,2026,1527692,2026-04-12,"Bharat Ratna Shri Atal Bihari Vajpayee Ekana Cricket Stadium, Lucknow",2,Gujarat Titans,Lucknow Super Giants,B Sai Sudharsan,14,15,19.06,-4.06,107.14
2026,2026,1527692,2026-04-12,"Bharat Ratna Shri Atal Bihari Vajpayee Ekana Cricket Stadium, Lucknow",2,Gujarat Titans,Lucknow Super Giants,JC Buttler,37,60,53.28,6.72,162.16
2026,2026,1527692,2026-04-12,"Bharat Ratna Shri Atal Bihari Vajpayee Ekana Cricket Stadium, Lucknow",2,Gujarat Titans,Lucknow Super Giants,R Tewatia,8,10,13.8,-3.8,125.0
2026,2026,1527692,2026-04-12,"Bharat Ratna Shri Atal Bihari Vajpayee Ekana Cricket Stadium, Lucknow",2,Gujarat Titans,Lucknow Super Giants,Shubman Gill,40,56,58.66,-2.66,140.0
2026,2026,1527692,2026-04-12,"Bharat Ratna Shri Atal Bihari Vajpayee Ekana Cricket Stadium, Lucknow",2,Gujarat Titans,Lucknow Super Giants,Washington Sundar,13,21,20.77,0.23,161.54
2026,2026,1527693,2026-04-12,"Wankhede Stadium, Mumbai",1,Royal Challengers Bengaluru,Mumbai Indians,JM Sharma,9,10,15.03,-5.03,111.11
2026,2026,1527693,2026-04-12,"Wankhede Stadium, Mumbai",1,Royal Challengers Bengaluru,Mumbai Indians,PD Salt,36,78,57.52,20.48,216.67
2026,2026,1527693,2026-04-12,"Wankhede Stadium, Mumbai",1,Royal Challengers Bengaluru,Mumbai Indians,R Shepherd,2,2,3.38,-1.38,100.0
2026,2026,1527693,2026-04-12,"Wankhede Stadium, Mumbai",1,Royal Challengers Bengaluru,Mumbai Indians,RM Patidar,20,53,41.05,11.95,265.0
2026,2026,1527693,2026-04-12,"Wankhede Stadium, Mumbai",1,Royal Challengers Bengaluru,Mumbai Indians,TH David,16,34,29.06,4.94,212.5
2026,2026,1527693,2026-04-12,"Wankhede Stadium, Mumbai",1,Royal Challengers Bengaluru,Mumbai Indians,V Kohli,38,50,62.8,-12.8,131.58
2026,2026,1527693,2026-04-12,"Wankhede Stadium, Mumbai",2,Mumbai Indians,Royal Challengers Bengaluru,HH Pandya,22,40,33.95,6.05,181.82
2026,2026,1527693,2026-04-12,"Wankhede Stadium, Mumbai",2,Mumbai Indians,Royal Challengers Bengaluru,MJ Santner,6,8,10.03,-2.03,133.33
2026,2026,1527693,2026-04-12,"Wankhede Stadium, Mumbai",2,Mumbai Indians,Royal Challengers Bengaluru,Naman Dhir,2,1,2.52,-1.52,50.0
2026,2026,1527693,2026-04-12,"Wankhede Stadium, Mumbai",2,Mumbai Indians,Royal Challengers Bengaluru,RD Rickelton,22,37,31.93,5.07,168.18
2026,2026,1527693,2026-04-12,"Wankhede Stadium, Mumbai",2,Mumbai Indians,Royal Challengers Bengaluru,RG Sharma,13,19,19.04,-0.04,146.15
2026,2026,1527693,2026-04-12,"Wankhede Stadium, Mumbai",2,Mumbai Indians,Royal Challengers Bengaluru,SA Yadav,22,33,29.46,3.54,150.0
2026,2026,1527693,2026-04-12,"Wankhede Stadium, Mumbai",2,Mumbai Indians,Royal Challengers Bengaluru,SE Rutherford,31,71,62.63,8.37,229.03
2026,2026,1527693,2026-04-12,"Wankhede Stadium, Mumbai",2,Mumbai Indians,Royal Challengers Bengaluru,Tilak Varma,3,1,3.21,-2.21,33.33
2026,2026,1529264,2026-04-13,"Rajiv Gandhi International Stadium, Uppal, Hyderabad",1,Sunrisers Hyderabad,Rajasthan Royals,Abhishek Sharma,1,0,1.03,-1.03,0.0
2026,2026,1529264,2026-04-13,"Rajiv Gandhi International Stadium, Uppal, Hyderabad",1,Sunrisers Hyderabad,Rajasthan Royals,Aniket Verma,5,6,9.62,-3.62,120.0
2026,2026,1529264,2026-04-13,"Rajiv Gandhi International Stadium, Uppal, Hyderabad",1,Sunrisers Hyderabad,Rajasthan Royals,H Klaasen,26,40,39.79,0.21,153.85
2026,2026,1529264,2026-04-13,"Rajiv Gandhi International Stadium, Uppal, Hyderabad",1,Sunrisers Hyderabad,Rajasthan Royals,Ishan Kishan,44,91,63.16,27.84,206.82
2026,2026,1529264,2026-04-13,"Rajiv Gandhi International Stadium, Uppal, Hyderabad",1,Sunrisers Hyderabad,Rajasthan Royals,Nithish Kumar Reddy,13,28,22.35,5.65,215.38
2026,2026,1529264,2026-04-13,"Rajiv Gandhi International Stadium, Uppal, Hyderabad",1,Sunrisers Hyderabad,Rajasthan Royals,S Arora,13,24,25.03,-1.03,184.62
2026,2026,1529264,2026-04-13,"Rajiv Gandhi International Stadium, Uppal, Hyderabad",1,Sunrisers Hyderabad,Rajasthan Royals,TM Head,18,18,23.25,-5.25,100.0
2026,2026,1529264,2026-04-13,"Rajiv Gandhi International Stadium, Uppal, Hyderabad",2,Rajasthan Royals,Sunrisers Hyderabad,D Ferreira,44,69,53.75,15.25,156.82
2026,2026,1529264,2026-04-13,"Rajiv Gandhi International Stadium, Uppal, Hyderabad",2,Rajasthan Royals,Sunrisers Hyderabad,Dhruv Jurel,2,0,2.0,-2.0,0.0
2026,2026,1529264,2026-04-13,"Rajiv Gandhi International Stadium, Uppal, Hyderabad",2,Rajasthan Royals,Sunrisers Hyderabad,JC Archer,5,2,6.47,-4.47,40.0
2026,2026,1529264,2026-04-13,"Rajiv Gandhi International Stadium, Uppal, Hyderabad",2,Rajasthan Royals,Sunrisers Hyderabad,LG Pretorius,2,0,1.78,-1.78,0.0
2026,2026,1529264,2026-04-13,"Rajiv Gandhi International Stadium, Uppal, Hyderabad",2,Rajasthan Royals,Sunrisers Hyderabad,N Burger,5,3,5.25,-2.25,60.0
2026,2026,1529264,2026-04-13,"Rajiv Gandhi International Stadium, Uppal, Hyderabad",2,Rajasthan Royals,Sunrisers Hyderabad,R Parag,6,4,5.89,-1.89,66.67
2026,2026,1529264,2026-04-13,"Rajiv Gandhi International Stadium, Uppal, Hyderabad",2,Rajasthan Royals,Sunrisers Hyderabad,RA Jadeja,32,45,42.94,2.06,140.62
2026,2026,1529264,2026-04-13,"Rajiv Gandhi International Stadium, Uppal, Hyderabad",2,Rajasthan Royals,Sunrisers Hyderabad,Ravi Bishnoi,1,0,0.92,-0.92,0.0
2026,2026,1529264,2026-04-13,"Rajiv Gandhi International Stadium, Uppal, Hyderabad",2,Rajasthan Royals,Sunrisers Hyderabad,TU Deshpande,11,25,12.38,12.62,227.27
2026,2026,1529264,2026-04-13,"Rajiv Gandhi International Stadium, Uppal, Hyderabad",2,Rajasthan Royals,Sunrisers Hyderabad,V Suryavanshi,1,0,1.18,-1.18,0.0
2026,2026,1529264,2026-04-13,"Rajiv Gandhi International Stadium, Uppal, Hyderabad",2,Rajasthan Royals,Sunrisers Hyderabad,YBK Jaiswal,5,1,5.49,-4.49,20.0
2026,2026,1529265,2026-04-14,"MA Chidambaram Stadium, Chepauk, Chennai",1,Chennai Super Kings,Kolkata Knight Riders,A Mhatre,17,38,23.22,14.78,223.53
2026,2026,1529265,2026-04-14,"MA Chidambaram Stadium, Chepauk, Chennai",1,Chennai Super Kings,Kolkata Knight Riders,D Brevis,29,41,49.87,-8.87,141.38
2026,2026,1529265,2026-04-14,"MA Chidambaram Stadium, Chepauk, Chennai",1,Chennai Super Kings,Kolkata Knight Riders,J Overton,6,7,9.12,-2.12,116.67
2026,2026,1529265,2026-04-14,"MA Chidambaram Stadium, Chepauk, Chennai",1,Chennai Super Kings,Kolkata Knight Riders,RD Gaikwad,6,7,9.75,-2.75,116.67
2026,2026,1529265,2026-04-14,"MA Chidambaram Stadium, Chepauk, Chennai",1,Chennai Super Kings,Kolkata Knight Riders,S Dube,12,13,24.86,-11.86,108.33
2026,2026,1529265,2026-04-14,"MA Chidambaram Stadium, Chepauk, Chennai",1,Chennai Super Kings,Kolkata Knight Riders,SN Khan,18,23,27.47,-4.47,127.78
2026,2026,1529265,2026-04-14,"MA Chidambaram Stadium, Chepauk, Chennai",1,Chennai Super Kings,Kolkata Knight Riders,SV Samson,32,48,44.64,3.36,150.0
2026,2026,1529265,2026-04-14,"MA Chidambaram Stadium, Chepauk, Chennai",2,Kolkata Knight Riders,Chennai Super Kings,A Raghuvanshi,19,27,22.62,4.38,142.11
2026,2026,1529265,2026-04-14,"MA Chidambaram Stadium, Chepauk, Chennai",2,Kolkata Knight Riders,Chennai Super Kings,AM Rahane,22,28,28.57,-0.57,127.27
2026,2026,1529265,2026-04-14,"MA Chidambaram Stadium, Chepauk, Chennai",2,Kolkata Knight Riders,Chennai Super Kings,AS Roy,1,1,1.2,-0.2,100.0
2026,2026,1529265,2026-04-14,"MA Chidambaram Stadium, Chepauk, Chennai",2,Kolkata Knight Riders,Chennai Super Kings,C Green,1,0,0.94,-0.94,0.0
2026,2026,1529265,2026-04-14,"MA Chidambaram Stadium, Chepauk, Chennai",2,Kolkata Knight Riders,Chennai Super Kings,FH Allen,3,1,3.54,-2.54,33.33
2026,2026,1529265,2026-04-14,"MA Chidambaram Stadium, Chepauk, Chennai",2,Kolkata Knight Riders,Chennai Super Kings,R Powell,22,31,32.01,-1.01,140.91
2026,2026,1529265,2026-04-14,"MA Chidambaram Stadium, Chepauk, Chennai",2,Kolkata Knight Riders,Chennai Super Kings,RK Singh,12,6,12.88,-6.88,50.0
2026,2026,1529265,2026-04-14,"MA Chidambaram Stadium, Chepauk, Chennai",2,Kolkata Knight Riders,Chennai Super Kings,Ramandeep Singh,23,35,33.33,1.67,152.17
2026,2026,1529265,2026-04-14,"MA Chidambaram Stadium, Chepauk, Chennai",2,Kolkata Knight Riders,Chennai Super Kings,SP Narine,17,24,23.43,0.57,141.18
